Relative_ms,Current_A
0,0.44
10,1.66
20,2.01
30,1.76
40,0.44
50,0.44
60,6.82
70,0.44
80,0.69
90,0.44
100,4.97
110,0.44
120,1.69
130,0.71
140,0.44
150,87.55
160,87.68
170,95.09
180,95.77
190,95.38
200,96.67
210,6.71
220,2.04
230,0.59
240,1.71
250,0.58
260,8.16
270,0.44
280,3.62
290,0.44
300,6.53
310,0.44
320,0.44
330,1.64
340,0.44
350,16.39
360,0.44
370,0.44
380,0.44
390,6.52
400,0.44
410,0.44
420,0.44
430,0.44
440,0.44
450,0.44
460,0.44
470,6.76
480,6.71
490,0.44
500,0.44
510,0.44
520,0.44
530,3.62
540,2.77
550,0.44
560,0.88
570,6.52
580,6.52
590,1.13
600,1.64
610,3.62
620,1.27
630,0.44
640,0.65
650,0.44
660,3.25
670,0.44
680,96.54
690,90.9
700,86.53
710,82.45
720,79.22
730,77.7
740,77.72
750,76.29
760,75.31
770,76.72
780,74.85
790,71.77
800,69.4
810,62.95
820,38.52
830,6.84
840,3.59
850,0.45
860,0.44
870,0.44
880,0.44
890,1.52
900,80.61
910,73.25
920,88.1
930,89.31
940,88.09
950,83.24
960,78.74
970,74.43
980,69.09
990,16.28
1000,3.46
1010,0.44
1020,0.44
1030,1.94
1040,0.44
1050,0.56
1060,0.44
1070,0.44
1080,0.44
1090,0.44
1100,0.44
1110,75.64
1120,79.47
1130,80.95
1140,83.51
1150,87.49
1160,83.38
1170,81.3
1180,87.97
1190,80.48
1200,77.94
1210,75.06
1220,80.25
1230,74.53
1240,73.86
1250,73.59
1260,72.32
1270,72.76
1280,71.58
1290,73.03
1300,71.42
1310,71.05
1320,64.04
1330,69.76
1340,65.02
1350,70.07
1360,69.73
1370,62.79
1380,66.74
1390,67.95
1400,23.4
1410,19.31
1420,57.3
1430,67.35
1440,75.68
1450,78.57
1460,83.84
1470,29.65
1480,51.46
1490,59.01
1500,60.51
1510,57.93
1520,61.13
1530,66.01
1540,66.12
1550,74.71
1560,60.33
1570,67.44
1580,72.25
1590,71.83
1600,65.93
1610,69.85
1620,71.6
1630,73.78
1640,73.12
1650,71.4
1660,70.63
1670,67.91
1680,69.47
1690,72.36
1700,82.86
1710,81.23
1720,74.19
1730,70.11
1740,72.99
1750,73.01
1760,73.88
1770,71.48
1780,83.22
1790,77.4
1800,76.08
1810,73.62
1820,75.07
1830,76.01
1840,66.42
1850,65.95
1860,53.88
1870,62.18
1880,52.97
1890,58.9
1900,38.03
1910,51.42
1920,79.19
1930,77.84
1940,74.15
1950,78.14
1960,73.4
1970,71.54
1980,86.37
1990,76.92
2000,70.89
2010,50.17
2020,2.92
2030,0.56
2040,6.52
2050,0.44
2060,0.44
2070,1.71
2080,0.88
2090,0.44
2100,1.64
2110,1.08
2120,0.44
2130,0.44
2140,0.44
2150,0.44
2160,0.88
2170,3.25
2180,0.44
2190,4.89
2200,0.44
2210,0.44
2220,0.44
2230,2.06
2240,0.44
2250,0.44
2260,0.44
2270,92.23
2280,96.66
2290,81.83
2300,77.07
2310,71.77
2320,25.28
2330,4.42
2340,1.6
2350,3.8
2360,2.55
2370,3.77
2380,5.93
2390,76.25
2400,80.14
2410,81.1
2420,82.11
2430,78.59
2440,77.01
2450,76.63
2460,73.95
2470,70.27
2480,76.31
2490,74.69
2500,68.53
2510,81.31
2520,79.76
2530,80.58
2540,81.18
2550,83.39
2560,83.14
2570,84.59
2580,83.28
2590,81.13
2600,81.5
2610,80.22
2620,79.69
2630,76.61
2640,75.61
2650,72.46
2660,72.72
2670,70.59
2680,72.35
2690,68.4
2700,66.36
2710,68.88
2720,68.39
2730,4.56
2740,0.44
2750,2.24
2760,2.62
2770,3.62
2780,0.44
2790,1.25
2800,0.44
2810,0.44
2820,1.25
2830,0.44
2840,1.64
2850,40.68
2860,80.68
2870,73.16
2880,66.57
2890,64.49
2900,47.55
2910,61.45
2920,63.54
2930,62.74
2940,59.8
2950,45.73
2960,19.55
2970,13.89
2980,7.51
2990,6.28
3000,2.9
3010,5.97
3020,3.75
3030,7.99
3040,6.38
3050,9.57
3060,9.35
3070,15.94
3080,68.91
3090,77.62
3100,89.53
3110,75.46
3120,75.99
3130,77.55
3140,74.25
3150,79.24
3160,80.78
3170,81.65
3180,81.43
3190,80.39
3200,79.46
3210,77.94
3220,75.36
3230,70.95
3240,67.8
3250,69.32
3260,11.86
3270,59.4
3280,7.11
3290,9.62
3300,5.54
3310,10.86
3320,25.39
3330,65.58
3340,60.28
3350,68.32
3360,63.46
3370,67.57
3380,64.77
3390,37.03
3400,57.53
3410,70.67
3420,78.74
3430,75.97
3440,14.3
3450,74.99
3460,77.83
3470,77.93
3480,77.99
3490,79.21
3500,79.44
3510,77.82
3520,76.95
3530,76.26
3540,75.65
3550,74.24
3560,72.34
3570,73.16
3580,76.48
3590,72.66
3600,71.9
3610,71.52
3620,72.01
3630,72.74
3640,69.81
3650,69.99
3660,65.6
3670,73.88
3680,71.49
3690,67.92
3700,68.35
3710,73.62
3720,76.46
3730,77.18
3740,77.62
3750,79.45
3760,78.14
3770,79.22
3780,81.71
3790,80.37
3800,80.58
3810,80.59
3820,82
3830,3.63
3840,3.25
3850,0.44
3860,0.44
3870,0.44
3880,0.44
3890,15.03
3900,1.58
3910,6.63
3920,4.34
3930,3.74
3940,3.66
3950,1.92
3960,4.91
3970,3.53
3980,8.26
3990,20.96
4000,15.04
4010,8.16
4020,7.02
4030,12.55
4040,39.62
4050,77.38
4060,78.16
4070,78.31
4080,81.55
4090,78.5
4100,0.44
4110,0.44
4120,3.25
4130,81.41
4140,82.17
4150,82.37
4160,82.16
4170,3.25
4180,0.44
4190,0.44
4200,81.97
4210,81.16
4220,80.58
4230,79.05
4240,77.87
4250,77.47
4260,77.86
4270,75.5
4280,78.36
4290,0.44
4300,0.44
4310,0.44
4320,0.44
4330,0.54
4340,0.44
4350,0.44
4360,0.44
4370,91.65
4380,81.83
4390,81.36
4400,80.31
4410,83.01
4420,81.16
4430,81.27
4440,79.81
4450,74.11
4460,29.33
4470,67.11
4480,85.25
4490,79.79
4500,85.04
4510,83.54
4520,80.83
4530,81.95
4540,77.56
4550,78.22
4560,81.11
4570,80.9
4580,3.35
4590,81.26
4600,79.65
4610,83.52
4620,80.3
4630,6.7
4640,90.5
4650,85.81
4660,85.12
4670,79.45
4680,77.63
4690,75.13
4700,74.61
4710,82.48
4720,74.64
4730,70.33
4740,70.04
4750,64.86
4760,65.42
4770,47.14
4780,18.24
4790,17.12
4800,7.74
4810,1.54
4820,6.6
4830,5.38
4840,0.48
4850,1.14
4860,1.72
4870,1.64
4880,2.16
4890,0.44
4900,78.37
4910,81.61
4920,0.44
4930,6.52
4940,3.97
4950,78.33
4960,78.49
4970,82.26
4980,80.27
4990,80.34
5000,80.46
5010,78.77
5020,78.4
5030,76.96
5040,74.05
5050,76.45
5060,68.93
5070,73.13
5080,71.55
5090,69.48
5100,70.52
5110,74.11
5120,73.22
5130,72.26
5140,71.97
5150,72.26
5160,70.38
5170,66.41
5180,66.49
5190,70.34
5200,71.19
5210,71.36
5220,73.46
5230,73.55
5240,74.73
5250,74.66
5260,75.74
5270,77.79
5280,77.48
5290,77.88
5300,77.88
5310,77.88
5320,78.02
5330,77.41
5340,78.38
5350,88.89
5360,61.92
5370,71.13
5380,71.03
5390,71.21
5400,72.84
5410,72.67
5420,73.03
5430,72.12
5440,73.73
5450,73.81
5460,73.36
5470,73.75
5480,72.41
5490,72.85
5500,72.56
5510,72.35
5520,76.68
5530,72.31
5540,71.25
5550,72.5
5560,72.91
5570,72.35
5580,73.63
5590,73.2
5600,71.54
5610,73.62
5620,73.78
5630,72.94
5640,72.85
5650,72.58
5660,72.29
5670,71.3
5680,70.4
5690,71.2
5700,72.22
5710,74.56
5720,73.55
5730,74.73
5740,70.14
5750,73.33
5760,75.14
5770,77.04
5780,80.42
5790,74.27
5800,68.23
5810,71.66
5820,66.08
5830,69.43
5840,69.36
5850,70.5
5860,50.26
5870,58.75
5880,72.14
5890,72.98
5900,72.83
5910,74.48
5920,76.57
5930,72.86
5940,68.95
5950,70.67
5960,69.68
5970,71.78
5980,73.88
5990,73.21
6000,72.49
6010,73.48
6020,72.71
6030,74.12
6040,74.53
6050,76.56
6060,76.18
6070,75.9
6080,73.38
6090,74.66
6100,73.64
6110,73
6120,75.59
6130,75.88
6140,75.01
6150,74.75
6160,74.35
6170,75.78
6180,71.27
6190,72.66
6200,72.87
6210,73.91
6220,65.27
6230,65.85
6240,60.82
6250,80.33
6260,68.64
6270,73.19
6280,70.79
6290,67.31
6300,73.77
6310,72.67
6320,72.59
6330,72.17
6340,73.61
6350,75.15
6360,75.82
6370,74.55
6380,71.67
6390,72.22
6400,70.18
6410,72.02
6420,70.96
6430,72.95
6440,73.1
6450,75.18
6460,75.32
6470,74.71
6480,75.57
6490,75.95
6500,76.3
6510,73.2
6520,74.43
6530,74.44
6540,74.49
6550,76.97
6560,74.14
6570,75.55
6580,73.58
6590,73.52
6600,73.08
6610,0.9
6620,1.68
6630,2.44
6640,6.52
6650,0.44
6660,0.44
6670,0.44
6680,0.44
6690,5.19
6700,0.44
6710,6.71
6720,0.44
6730,0.88
6740,13.09
6750,6.52
6760,0.44
6770,1.81
6780,0.44
6790,0.44
6800,0.44
6810,0.44
6820,1.02
6830,0.44
6840,0.63
6850,0.44
6860,4.89
6870,0.44
6880,6.52
6890,0.44
6900,4.36
6910,6.52
6920,0.44
6930,0.49
6940,0.44
6950,0.44
6960,11.55
6970,4.9
6980,0.44
6990,92.29
7000,67.38
7010,71.17
7020,72.18
7030,74.27
7040,73.69
7050,72.5
7060,74.31
7070,69.68
7080,69.38
7090,71.73
7100,67.12
7110,70.61
7120,70.31
7130,75.66
7140,76.36
7150,79.58
7160,79.63
7170,80.17
7180,79.68
7190,80.15
7200,79.8
7210,80.7
7220,83.62
7230,79.5
7240,77.79
7250,76.68
7260,76.02
7270,66.53
7280,68.58
7290,63.97
7300,62.75
7310,19.11
7320,5.86
7330,8.09
7340,4.15
7350,9.07
7360,1.49
7370,1.95
7380,7.41
7390,50.17
7400,79.89
7410,77
7420,79.68
7430,83.17
7440,81.3
7450,83.31
7460,28.81
7470,73.3
7480,66.39
7490,72.57
7500,73.16
7510,71.53
7520,69.42
7530,72.15
7540,69.97
7550,72.88
7560,70.74
7570,72.4
7580,75.59
7590,74.86
7600,75.46
7610,68.42
7620,75.37
7630,73.02
7640,72.91
7650,73.4
7660,61.97
7670,64.23
7680,75.22
7690,69.01
7700,56.46
7710,72.59
7720,72.5
7730,70.65
7740,69.57
7750,75.78
7760,73.66
7770,74.08
7780,70.85
7790,70.15
7800,67.01
7810,70.79
7820,70.6
7830,75.67
7840,72.7
7850,63.23
7860,66.4
7870,69.32
7880,76.41
7890,75.26
7900,67.04
7910,67.42
7920,79.65
7930,80.35
7940,69.22
7950,67.34
7960,68.19
7970,71.83
7980,61.08
7990,49.33
8000,61.94
8010,65.22
8020,66.2
8030,63.02
8040,67.46
8050,71.92
8060,65.97
8070,72.38
8080,79.98
8090,70.4
8100,75.47
8110,74.65
8120,68.27
8130,72.39
8140,69.19
8150,73.81
8160,68.91
8170,70.74
8180,72.32
8190,69.54
8200,69.94
8210,71.87
8220,73.16
8230,75.98
8240,75.08
8250,73.72
8260,74.29
8270,75.31
8280,74.5
8290,77.41
8300,77.46
8310,76.17
8320,84.01
8330,78.26
8340,73.85
8350,71.13
8360,71.61
8370,57
8380,75.76
8390,78.11
8400,77.5
8410,85.71
8420,77.06
8430,75.33
8440,73.45
8450,75.1
8460,77.17
8470,77.71
8480,78.76
8490,78.53
8500,80.78
8510,74.24
8520,73.15
8530,73.7
8540,73.6
8550,78.27
8560,76.42
8570,77.61
8580,77.56
8590,77.6
8600,77.24
8610,77.49
8620,75.71
8630,74.57
8640,76.69
8650,77.43
8660,75.1
8670,75.18
8680,72.82
8690,68.23
8700,74.17
8710,71.05
8720,61.15
8730,63.59
8740,73.62
8750,72.04
8760,45.1
8770,6.05
8780,11.54
8790,14.81
8800,48.06
8810,54.35
8820,33.26
8830,19.67
8840,18.63
8850,13.78
8860,15.64
8870,15.96
8880,37.44
8890,56.78
8900,67.08
8910,71
8920,74.44
8930,73.75
8940,75.22
8950,74.78
8960,72.66
8970,73.38
8980,71.57
8990,68.59
9000,70.91
9010,72.32
9020,68.59
9030,66.87
9040,76.4
9050,4.12
9060,1.54
9070,0.44
9080,0.44
9090,1.64
9100,0.44
9110,0.88
9120,0.44
9130,0.44
9140,74.52
9150,79.23
9160,79.65
9170,75.93
9180,76.05
9190,73.06
9200,75.5
9210,73.35
9220,71.97
9230,74.8
9240,73.74
9250,73.92
9260,71.7
9270,71.14
9280,74.17
9290,71.41
9300,75.98
9310,80.73
9320,6.48
9330,8.54
9340,0.44
9350,3.25
9360,3.25
9370,0.56
9380,63.57
9390,62.6
9400,77.26
9410,79.67
9420,54.98
9430,62.83
9440,68.03
9450,70.03
9460,68.36
9470,68.84
9480,69.55
9490,70.57
9500,71.85
9510,71.55
9520,73.62
9530,71.44
9540,72.49
9550,72.84
9560,74.54
9570,74.96
9580,76.25
9590,75.53
9600,76.64
9610,75.6
9620,76.55
9630,83.39
9640,76.05
9650,76.02
9660,76.97
9670,77.06
9680,80.48
9690,77.26
9700,76.85
9710,79.14
9720,76.51
9730,75.36
9740,75.48
9750,76.13
9760,75.02
9770,72.99
9780,74.36
9790,73.08
9800,54.73
9810,6.52
9820,56.12
9830,55.44
9840,65.22
9850,69.5
9860,67.88
9870,67.65
9880,67.86
9890,66.34
9900,69.29
9910,69.74
9920,69.19
9930,70.79
9940,70.93
9950,85.88
9960,72.38
9970,71.1
9980,74.98
9990,71.68
10000,72.67
10010,72.79
10020,71.33
10030,73.53
10040,75.05
10050,74.77
10060,73.85
10070,71.04
10080,70.5
10090,70.93
10100,70.26
10110,70.46
10120,72.1
10130,75
10140,71.18
10150,69.71
10160,68.52
10170,72.48
10180,72.68
10190,73.01
10200,70.94
10210,74.94
10220,73.35
10230,73.37
10240,78.05
10250,72.96
10260,76.91
10270,77.22
10280,77.83
10290,77.66
10300,75.55
10310,75.59
10320,82.85
10330,81.18
10340,74.2
10350,84.47
10360,75.18
10370,78.22
10380,74.47
10390,76.2
10400,73.6
10410,74.66
10420,77.28
10430,74.64
10440,73.66
10450,74.29
10460,73.25
10470,72.86
10480,72.58
10490,75.07
10500,73
10510,72.25
10520,73.52
10530,76.34
10540,74.62
10550,73.64
10560,73.94
10570,80.74
10580,71.81
10590,73.77
10600,69.55
10610,70.42
10620,68.97
10630,67.95
10640,70.5
10650,71.34
10660,70.84
10670,72.65
10680,70.92
10690,73.79
10700,71.74
10710,73.1
10720,71.62
10730,72.21
10740,71.21
10750,69.37
10760,72.31
10770,70.62
10780,69.46
10790,69.46
10800,71.48
10810,72.05
10820,72.71
10830,73.6
10840,72.54
10850,75.35
10860,74.16
10870,71.89
10880,75.33
10890,75.92
10900,71.28
10910,71.83
10920,76.14
10930,77.08
10940,71.32
10950,71.85
10960,78.1
10970,75.95
10980,71.26
10990,70.42
11000,74.29
11010,83.34
11020,76.78
11030,66.2
11040,58.46
11050,61.47
11060,69.93
11070,69.15
11080,71.93
11090,67.53
11100,70.28
11110,70.15
11120,73.12
11130,72.76
11140,72.71
11150,73.09
11160,71.85
11170,71.98
11180,73.17
11190,75.92
11200,73.78
11210,72.07
11220,72.94
11230,70.84
11240,70.3
11250,73.93
11260,67.57
11270,71.37
11280,74.67
11290,72.47
11300,73.44
11310,73.36
11320,74.87
11330,75.91
11340,74.18
11350,73.63
11360,72
11370,75.51
11380,74.39
11390,76.34
11400,78
11410,77.67
11420,74.44
11430,73.05
11440,76.92
11450,74.86
11460,75.18
11470,74.19
11480,78.93
11490,81.36
11500,71.31
11510,69.12
11520,68.09
11530,68.86
11540,71.12
11550,71.89
11560,75.83
11570,72.5
11580,71.51
11590,73.92
11600,74.15
11610,81.52
11620,80.46
11630,2.9
11640,6.52
11650,0.44
11660,0.65
11670,0.44
11680,3.01
11690,76.76
11700,79.04
11710,78.86
11720,78.95
11730,80.9
11740,80.12
11750,83.83
11760,79.24
11770,75.7
11780,73.02
11790,71.46
11800,73.57
11810,81.5
11820,74.59
11830,71.86
11840,67.73
11850,63.62
11860,69.38
11870,68.66
11880,70.31
11890,70.4
11900,72.5
11910,71.88
11920,73.09
11930,70.56
11940,73.86
11950,73.83
11960,73.94
11970,76.43
11980,72.19
11990,0.69
12000,0.44
12010,3.25
12020,0.44
12030,4.89
12040,6.82
12050,0.44
12060,0.44
12070,0.75
12080,77.68
12090,68.49
12100,70.57
12110,73.63
12120,73.96
12130,72.8
12140,74.34
12150,74.73
12160,74.02
12170,74.43
12180,75.37
12190,75.71
12200,75.25
12210,75.29
12220,75.39
12230,73.85
12240,74.42
12250,77.63
12260,72.37
12270,2.45
12280,4.87
12290,6.34
12300,1.71
12310,6.3
12320,76.85
12330,74.39
12340,4.07
12350,10.23
12360,0.44
12370,0.44
12380,0.51
12390,0.44
12400,0.44
12410,0.44
12420,24.41
12430,82.04
12440,82.77
12450,83.14
12460,79.57
12470,78.85
12480,79.56
12490,78.35
12500,79.55
12510,79.26
12520,77.04
12530,18.33
12540,0.44
12550,11.45
12560,0.44
12570,4.89
12580,0.44
12590,5.67
12600,88.71
12610,81.37
12620,80.71
12630,81.22
12640,80.84
12650,79.85
12660,80.11
12670,77.95
12680,3.37
12690,2.04
12700,0.44
12710,0.44
12720,2.19
12730,0.44
12740,7.75
12750,79.39
12760,78.64
12770,77.07
12780,76.67
12790,74.96
12800,2.85
12810,0.51
12820,0.44
12830,0.88
12840,2.04
12850,6.52
12860,91.02
12870,81.17
12880,77.92
12890,76
12900,75.88
12910,74.56
12920,74.4
12930,69.74
12940,6.34
12950,7
12960,10.79
12970,33.94
12980,74.49
12990,74.83
13000,70.49
13010,74.36
13020,75.93
13030,1.85
13040,3.02
13050,8.95
13060,72.87
13070,78.09
13080,80.22
13090,77.78
13100,75.52
13110,13
13120,11.7
13130,61.11
13140,70.46
13150,16.16
13160,19.58
13170,7.91
13180,74.81
13190,84.53
13200,80.58
13210,79.07
13220,16.23
13230,17.59
13240,20.75
13250,78.79
13260,83.16
13270,83.15
13280,82.03
13290,81.16
13300,90.79
13310,83.28
13320,80.25
13330,78.74
13340,82.11
13350,82.77
13360,77.83
13370,72.18
13380,83.48
13390,75.39
13400,71
13410,74.58
13420,71.92
13430,62.41
13440,72.79
13450,65.02
13460,70.7
13470,89.74
13480,68.58
13490,32.96
13500,64.28
13510,70.62
13520,53.94
13530,65.27
13540,59.71
13550,69.21
13560,71.69
13570,66.69
13580,67.69
13590,67.53
13600,69.62
13610,70.92
13620,72.07
13630,73.95
13640,73.15
13650,73.91
13660,74.62
13670,74.87
13680,73.58
13690,83.92
13700,58.33
13710,65.57
13720,70.42
13730,73.05
13740,67.93
13750,67.91
13760,67.54
13770,82.56
13780,75.04
13790,70.88
13800,72.14
13810,73.96
13820,78.06
13830,74.69
13840,75.69
13850,76.29
13860,75.27
13870,87.51
13880,77.63
13890,70.37
13900,69.85
13910,71.2
13920,72.02
13930,72.7
13940,72.98
13950,77.87
13960,76.2
13970,77.88
13980,4.15
13990,0.44
14000,0.44
14010,0.44
14020,81.38
14030,78.84
14040,75.54
14050,77.01
14060,0.44
14070,0.44
14080,6.63
14090,1.81
14100,82.33
14110,79.76
14120,78.38
14130,80.15
14140,84.25
14150,77.87
14160,75.58
14170,75
14180,73.16
14190,0.44
14200,0.88
14210,1.64
14220,0.44
14230,0.58
14240,0.44
14250,0.44
14260,0.44
14270,85.04
14280,81.09
14290,82.74
14300,80.18
14310,77.61
14320,78.34
14330,79.56
14340,78.23
14350,77.39
14360,74.77
14370,0.46
14380,0.49
14390,0.44
14400,0.44
14410,15.96
14420,79.45
14430,77.25
14440,80.08
14450,8.95
14460,0.44
14470,0.56
14480,0.44
14490,0.44
14500,0.44
14510,82.76
14520,81.84
14530,80.93
14540,77.72
14550,0.85
14560,0.44
14570,0.44
14580,1.04
14590,4.89
14600,0.59
14610,3.28
14620,0.44
14630,0.44
14640,0.49
14650,81.65
14660,83.53
14670,83.65
14680,84.81
14690,91.2
14700,85.13
14710,0.44
14720,0.44
14730,88.67
14740,95.03
14750,96.04
14760,90.9
14770,81.52
14780,68.22
14790,7.95
14800,0.44
14810,0.44
14820,0.44
14830,0.44
14840,0.44
14850,0.44
14860,0.44
14870,79
14880,3.66
14890,4.01
14900,7.83
14910,8.98
14920,11.46
14930,20.09
14940,62.05
14950,66.18
14960,68.17
14970,62.91
14980,59.68
14990,45.96
15000,14.13
15010,12.66
15020,46.77
15030,67.72
15040,70.63
15050,76.4
15060,76.74
15070,77.8
15080,74.03
15090,70.6
15100,70.05
15110,78.32
15120,73.65
15130,74.23
15140,73.95
15150,74.11
15160,70.35
15170,72.51
15180,74.04
15190,72.85
15200,79.56
15210,74.27
15220,72.39
15230,75.39
15240,73.48
15250,76.28
15260,74.2
15270,73.6
15280,74.73
15290,76.24
15300,74.22
15310,76.16
15320,77.61
15330,77.29
15340,77.31
15350,78.13
15360,75.62
15370,77.19
15380,75.71
15390,66.77
15400,10.48
15410,0.44
15420,9.83
15430,0.44
15440,6.66
15450,0.44
15460,2.11
15470,2.04
15480,0.44
15490,0.44
15500,0.44
15510,0.44
15520,13.15
15530,0.44
15540,2.04
15550,0.44
15560,1.22
15570,0.44
15580,0.44
15590,0.44
15600,6.52
15610,2.64
15620,0.44
15630,0.44
15640,0.44
15650,0.44
15660,9.8
15670,1.64
15680,1.42
15690,0.44
15700,1.13
15710,6.71
15720,0.44
15730,0.44
15740,0.44
15750,3.25
15760,84.59
15770,94.9
15780,95.66
15790,96.29
15800,96.41
15810,93.62
15820,6.52
15830,1.91
15840,0.44
15850,1.91
15860,0.97
15870,0.44
15880,0.44
15890,0.44
15900,0.44
15910,0.44
15920,5.28
15930,0.44
15940,0.44
15950,0.44
15960,0.44
15970,0.44
15980,0.44
15990,0.44
16000,0.44
16010,0.44
16020,0.44
16030,0.44
16040,9.99
16050,2.01
16060,0.44
16070,0.44
16080,0.44
16090,0.44
16100,7.45
16110,80.18
16120,85.47
16130,86.24
16140,82.23
16150,82.52
16160,81.78
16170,80.75
16180,51.29
16190,71.74
16200,70.61
16210,68.35
16220,72.3
16230,75.45
16240,65.64
16250,49.7
16260,61.54
16270,5.9
16280,4.9
16290,0.44
16300,1.64
16310,1.64
16320,0.54
16330,0.44
16340,0.44
16350,2.16
16360,81.37
16370,80.53
16380,78.75
16390,76
16400,75.28
16410,74.33
16420,75.73
16430,77.45
16440,77.65
16450,78.18
16460,78.93
16470,79.57
16480,76.81
16490,70.2
16500,6.71
16510,0.44
16520,0.56
16530,0.44
16540,0.44
16550,1.64
16560,0.56
16570,3.46
16580,0.45
16590,12.53
16600,78.67
16610,80.7
16620,86.42
16630,79.17
16640,78.85
16650,78.82
16660,77.3
16670,73.14
16680,73.2
16690,70.14
16700,69.55
16710,71.53
16720,72.66
16730,73.69
16740,74.91
16750,77.49
16760,81.85
16770,82.23
16780,77.39
16790,78.15
16800,77.37
16810,75.35
16820,69.66
16830,3.25
16840,0.44
16850,0.44
16860,6.71
16870,0.44
16880,0.44
16890,1.29
16900,0.44
16910,1.76
16920,0.44
16930,2.71
16940,0.44
16950,3.51
16960,89.73
16970,87.24
16980,82.62
16990,83.56
17000,79.26
17010,76.65
17020,72.45
17030,75.03
17040,73.72
17050,75.48
17060,75.57
17070,77.71
17080,77.31
17090,73.74
17100,72.11
17110,73.18
17120,73.63
17130,72.51
17140,71.87
17150,73.86
17160,74.35
17170,73.97
17180,74.48
17190,77.21
17200,77.23
17210,40.56
17220,5.07
17230,9.59
17240,77.38
17250,41.36
17260,62.37
17270,83.75
17280,79.98
17290,82.18
17300,85.38
17310,84.37
17320,81.92
17330,80.12
17340,79.84
17350,85.4
17360,80.9
17370,77.84
17380,75.46
17390,75.2
17400,77.63
17410,78.71
17420,73.31
17430,74.12
17440,79.15
17450,89.32
17460,77.21
17470,74.46
17480,81.16
17490,76.94
17500,75.19
17510,73.72
17520,70.45
17530,72.56
17540,71.92
17550,80.47
17560,75.03
17570,72.67
17580,65.61
17590,72.08
17600,70.84
17610,88.1
17620,75.5
17630,72.98
17640,72.16
17650,74.66
17660,75.06
17670,74.12
17680,73.14
17690,74.34
17700,73.93
17710,89.21
17720,70.13
17730,68.81
17740,66.25
17750,67.9
17760,69.75
17770,70.22
17780,68.86
17790,69.09
17800,70.69
17810,71.78
17820,72.96
17830,73.01
17840,69.04
17850,69.79
17860,71.5
17870,70.68
17880,71.12
17890,71.72
17900,72.36
17910,72.83
17920,72.65
17930,72.59
17940,73.66
17950,74.63
17960,74.74
17970,75.02
17980,72.44
17990,72.48
18000,71.36
18010,70.12
18020,72.52
18030,73.86
18040,72.06
18050,68.21
18060,69.14
18070,74.27
18080,73.47
18090,71.02
18100,70.59
18110,74.88
18120,75.5
18130,74.1
18140,71.8
18150,73.68
18160,77.35
18170,69.61
18180,75.65
18190,73.98
18200,71.51
18210,74.96
18220,78.06
18230,3.89
18240,0.44
18250,0.44
18260,1.22
18270,1.13
18280,0.44
18290,1.68
18300,0.44
18310,0.44
18320,0.44
18330,56.83
18340,73.83
18350,77.38
18360,76.07
18370,76.67
18380,73.5
18390,74.94
18400,72.79
18410,71.92
18420,70.88
18430,70.42
18440,72.43
18450,71.48
18460,71.68
18470,70.49
18480,69.45
18490,72.79
18500,73.7
18510,77.11
18520,76.42
18530,74.09
18540,83.28
18550,88.35
18560,80.68
18570,77.19
18580,77.57
18590,78.34
18600,78.53
18610,61.83
18620,68.43
18630,25.46
18640,37.97
18650,65.92
18660,67.34
18670,68.86
18680,71.4
18690,71.54
18700,72.1
18710,74.25
18720,75.99
18730,77.46
18740,76.36
18750,72.79
18760,74.39
18770,72.03
18780,74.09
18790,73.74
18800,71.99
18810,72.18
18820,70.14
18830,68.19
18840,69.85
18850,69.8
18860,70.49
18870,71.68
18880,68
18890,70.7
18900,69.03
18910,71.07
18920,71.9
18930,68.95
18940,70.53
18950,69.5
18960,70.19
18970,70.24
18980,71.47
18990,74.07
19000,72.9
19010,71.55
19020,75.22
19030,74.47
19040,75.46
19050,79.04
19060,82.53
19070,79.59
19080,76.72
19090,74.81
19100,73.03
19110,72.8
19120,74.35
19130,76.07
19140,74.67
19150,76.47
19160,75.74
19170,75.97
19180,77.32
19190,75.68
19200,73.73
19210,74.42
19220,74.77
19230,73.29
19240,74.64
19250,75.36
19260,74.85
19270,75.57
19280,68.8
19290,69.31
19300,71.49
19310,71.58
19320,71.32
19330,72.54
19340,74.45
19350,76.71
19360,75.31
19370,73.12
19380,74.53
19390,78.53
19400,74.46
19410,73.09
19420,70.73
19430,75.99
19440,74.4
19450,71.07
19460,70.7
19470,76.58
19480,77.48
19490,71.85
19500,71.4
19510,75.27
19520,81.48
19530,78.48
19540,71.52
19550,69.24
19560,69.76
19570,70.42
19580,70.95
19590,71.29
19600,74.11
19610,73.49
19620,74.87
19630,75.18
19640,74.64
19650,73.87
19660,73.51
19670,73.36
19680,74.79
19690,73.62
19700,73.01
19710,73.15
19720,75.72
19730,75.74
19740,74.64
19750,69.58
19760,67.13
19770,70.62
19780,68.41
19790,66.43
19800,72.2
19810,70.99
19820,72.55
19830,70.2
19840,69.5
19850,72.59
19860,73.3
19870,72.06
19880,71.24
19890,71.34
19900,75.05
19910,71.78
19920,73.16
19930,73.07
19940,74.45
19950,71.26
19960,67.54
19970,74.53
19980,82.55
19990,77.03
20000,66.71
20010,74.1
20020,75.14
20030,77.49
20040,76.15
20050,88.99
20060,78.12
20070,77.25
20080,72.65
20090,72.07
20100,74.23
20110,73.06
20120,70.48
20130,70.34
20140,69.92
20150,69.8
20160,70.72
20170,72.64
20180,74.44
20190,75.29
20200,8.11
20210,0.44
20220,0.44
20230,0.44
20240,0.44
20250,3.28
20260,0.44
20270,1.37
20280,0.44
20290,74.69
20300,82.66
20310,84.06
20320,80.22
20330,84.38
20340,79.84
20350,76.39
20360,73.84
20370,74.94
20380,73.61
20390,74.16
20400,73.9
20410,74.36
20420,74.94
20430,73.67
20440,74.64
20450,74.98
20460,74.95
20470,74.13
20480,75.5
20490,76.08
20500,75.84
20510,75.84
20520,73.71
20530,73.16
20540,67.84
20550,5.34
20560,16.14
20570,6.36
20580,3.39
20590,3.25
20600,2.52
20610,0.44
20620,0.44
20630,78.85
20640,80.01
20650,79.76
20660,80.77
20670,79.08
20680,79.54
20690,78.12
20700,0.44
20710,0.44
20720,0.44
20730,0.44
20740,0.44
20750,0.44
20760,0.44
20770,92.02
20780,87.8
20790,85.74
20800,83.94
20810,82.05
20820,81.34
20830,81.56
20840,77.42
20850,74.93
20860,75.19
20870,0.44
20880,0.44
20890,2.44
20900,0.44
20910,0.44
20920,66.51
20930,79.36
20940,79.4
20950,78.41
20960,78.97
20970,2.68
20980,1.92
20990,0.44
21000,1.39
21010,0.44
21020,93.09
21030,84.85
21040,85.97
21050,78.42
21060,77.81
21070,76.08
21080,18.85
21090,27.58
21100,61.42
21110,15.19
21120,44.22
21130,77.56
21140,54.95
21150,62.12
21160,77.16
21170,75.05
21180,73.63
21190,60.21
21200,12.87
21210,12.31
21220,10.65
21230,10.9
21240,67.65
21250,70.96
21260,74.21
21270,11.38
21280,76.85
21290,79.81
21300,83.82
21310,81.78
21320,75.35
21330,10.96
21340,2.21
21350,10.09
21360,34.76
21370,82.05
21380,79.71
21390,82.61
21400,80.24
21410,3.25
21420,0.44
21430,3.25
21440,0.44
21450,80.97
21460,87.07
21470,81.25
21480,79.3
21490,14.1
21500,14.27
21510,23.05
21520,65.93
21530,94.61
21540,86.73
21550,83.86
21560,79.19
21570,74.96
21580,6.96
21590,17.31
21600,70.45
21610,3.96
21620,9.36
21630,76.6
21640,62.5
21650,24.78
21660,80.31
21670,76.42
21680,75.07
21690,73.15
21700,73.33
21710,10.44
21720,7.28
21730,2.44
21740,7.95
21750,10.87
21760,66.1
21770,74.4
21780,76.31
21790,71.83
21800,77.26
21810,76.88
21820,53.65
21830,42.67
21840,80.28
21850,70.62
21860,53.19
21870,83.72
21880,80.63
21890,81.68
21900,68.06
21910,77.47
21920,76.19
21930,77.9
21940,84.38
21950,83.29
21960,80.85
21970,77.24
21980,57.85
21990,64.66
22000,86.58
22010,80.35
22020,79.59
22030,82.26
22040,80.72
22050,79.75
22060,78.91
22070,92.01
22080,78.01
22090,75.5
22100,72.39
22110,72.11
22120,88.47
22130,72.03
22140,70.94
22150,71.2
22160,66.47
22170,78.34
22180,70.57
22190,68.59
22200,70.99
22210,71.95
22220,68.91
22230,39.95
22240,53.48
22250,64.71
22260,67.96
22270,64.35
22280,67.69
22290,66.89
22300,65.65
22310,64.85
22320,66.76
22330,71.57
22340,72.15
22350,76.65
22360,77.01
22370,73.27
22380,79.87
22390,69.56
22400,67.58
22410,72.58
22420,72.83
22430,72.22
22440,74.51
22450,84.69
22460,72.82
22470,72.72
22480,65.57
22490,71.12
22500,71.77
22510,71.13
22520,72.51
22530,70.35
22540,70.2
22550,73.14
22560,74.69
22570,76.27
22580,75.32
22590,84.73
22600,72.89
22610,73.06
22620,72.21
22630,68.41
22640,70.18
22650,72.34
22660,72.88
22670,71.74
22680,72.62
22690,73.91
22700,74.16
22710,73.8
22720,71.23
22730,73.63
22740,71.23
22750,72.32
22760,72.73
22770,72.76
22780,73.27
22790,73.55
22800,71.48
22810,74.31
22820,72.64
22830,72.59
22840,72.97
22850,71.96
22860,71.64
22870,72.76
22880,73.8
22890,75.96
22900,75.85
22910,74.47
22920,76.36
22930,83.55
22940,78.5
22950,76.62
22960,76.84
22970,80.13
22980,90.51
22990,71.68
23000,66.58
23010,69.07
23020,68.12
23030,65.88
23040,68.87
23050,69.66
23060,69.91
23070,67.98
23080,70.46
23090,71.21
23100,71.34
23110,85.24
23120,73.63
23130,73.03
23140,73.2
23150,71.91
23160,73.39
23170,72.18
23180,72.74
23190,69.69
23200,71.89
23210,69.86
23220,68.39
23230,67.09
23240,66.36
23250,61.37
23260,61.35
23270,66.42
23280,64.25
23290,67.04
23300,68.51
23310,67.29
23320,71.46
23330,75.1
23340,74.35
23350,76.98
23360,91.04
23370,75.7
23380,70.77
23390,70.08
23400,66.09
23410,67.38
23420,71.01
23430,71.32
23440,70.56
23450,72.71
23460,70.84
23470,75.24
23480,73.07
23490,76.17
23500,74.18
23510,76.78
23520,73.62
23530,78
23540,76.51
23550,69.28
23560,71.28
23570,70.02
23580,71.23
23590,69.69
23600,63.21
23610,67.86
23620,68.36
23630,70.75
23640,71.62
23650,74.35
23660,54.04
23670,70.16
23680,62.94
23690,70.04
23700,65.52
23710,65.7
23720,74.98
23730,74.3
23740,68.15
23750,71.56
23760,71.71
23770,73.45
23780,73.67
23790,73.74
23800,71.64
23810,75.24
23820,78.53
23830,73.21
23840,77.17
23850,72.67
23860,72.94
23870,76.44
23880,73.96
23890,77.35
23900,74.68
23910,75.19
23920,76.7
23930,74.38
23940,75.76
23950,76.65
23960,74.55
23970,74.86
23980,74.35
23990,74.38
24000,71.45
24010,68.88
24020,74.22
24030,75.03
24040,74.61
24050,74.03
24060,74.2
24070,71.72
24080,68.54
24090,69.24
24100,65.75
24110,64.35
24120,62.72
24130,59.82
24140,56.5
24150,48.98
24160,38.12
24170,48
24180,58.37
24190,55.79
24200,58.8
24210,67.69
24220,68.91
24230,69.4
24240,68.14
24250,70.3
24260,70.12
24270,72.85
24280,74.87
24290,72.29
24300,73.77
24310,73.87
24320,72.76
24330,77.32
24340,76.21
24350,64.97
24360,69.54
24370,60.47
24380,47.65
24390,35.09
24400,21.07
24410,17.18
24420,13.6
24430,73.62
24440,73.65
24450,73.05
24460,71.72
24470,72.41
24480,68.33
24490,70.47
24500,71.98
24510,71.07
24520,73.21
24530,74.59
24540,75.02
24550,76.16
24560,76.52
24570,74.02
24580,75.35
24590,76.73
24600,74.76
24610,74.32
24620,74.98
24630,75.01
24640,75.28
24650,75.1
24660,75.01
24670,75.26
24680,75.86
24690,76.49
24700,77.52
24710,77.37
24720,77.35
24730,77.98
24740,77.53
24750,77.39
24760,78.96
24770,77.29
24780,77.87
24790,77.77
24800,77.23
24810,76.95
24820,77
24830,78.42
24840,77.95
24850,78.43
24860,78.34
24870,76.6
24880,78.17
24890,76.68
24900,74.23
24910,73.27
24920,75.19
24930,75.57
24940,75.28
24950,74.15
24960,71.97
24970,71.69
4980,69.51
24990,72.16
25000,74.42
25010,71.07
25020,74.02
25030,72.19
25040,66.48
25050,70.7
25060,72.15
25070,61.49
25080,69.99
25090,75.1
25100,75.8
25110,73.1
25120,69.51
25130,72.74
25140,76.69
25150,74.97
25160,75.48
25170,78.39
25180,78.51
25190,75.18
25200,76.11
25210,89.72
25220,79.35
25230,78.93
25240,79.38
25250,80.28
25260,79.35
25270,77.61
25280,75.3
25290,75.1
25300,87.28
25310,79.12
25320,77.61
25330,75.43
25340,74.66
25350,74.79
25360,73.05
25370,74.63
25380,67.76
25390,63.46
25400,64.23
25410,66.1
25420,70.01
25430,70.57
25440,8.25
25450,69.77
25460,70.7
25470,70.31
25480,70.16
25490,70.87
25500,71.76
25510,72.96
25520,70.92
25530,70.34
25540,68.9
25550,69.5
25560,69.65
25570,70.68
25580,70.35
25590,72.67
25600,74.37
25610,74.7
25620,72.11
25630,75.13
25640,87.4
25650,74.74
25660,73.73
25670,73.97
25680,75.36
25690,70.25
25700,72.51
25710,72.02
25720,71.3
25730,72.1
25740,73.19
25750,75.31
25760,76.34
25770,77.38
25780,77.36
25790,77.28
25800,77.33
25810,76.84
25820,77.61
25830,89.38
25840,79.5
25850,72.28
25860,69.59
25870,70.7
25880,70.84
25890,64.59
25900,61.99
25910,68.92
25920,66.21
25930,84.27
25940,75.1
25950,71.24
25960,69.83
25970,70.08
25980,70.84
25990,70.35
26000,72.49
26010,72.15
26020,75.81
26030,75.59
26040,76.26
26050,75.22
26060,76.2
26070,76.17
26080,75.59
26090,75.36
26100,76.36
26110,74.56
26120,74.78
26130,75.04
26140,74.14
26150,73.63
26160,72.57
26170,70.02
26180,71.8
26190,74.59
26200,72.54
26210,71.14
26220,73.16
26230,73.84
26240,73.1
26250,71.33
26260,72.32
26270,73.73
26280,73.89
26290,72.77
26300,74.14
26310,71.92
26320,72.64
26330,71.9
26340,72.39
26350,74.06
26360,72.54
26370,73.25
26380,72.08
26390,74.07
26400,72.29
26410,75.18
26420,74.98
26430,72.68
26440,75.6
26450,71.31
26460,70.78
26470,72.9
26480,73.24
26490,74.16
26500,74.77
26510,76.46
26520,77.78
26530,76.27
26540,75.81
26550,77.3
26560,76.34
26570,75.83
26580,81.01
26590,73.31
26600,71.7
26610,74.16
26620,74.26
26630,72.63
26640,69.8
26650,73.47
26660,72.63
26670,72.99
26680,71.88
26690,61.34
26700,71.93
26710,69.8
26720,72.6
26730,74.63
26740,74.05
26750,75.68
26760,74.72
26770,76.44
26780,76.71
26790,76.95
26800,77.45
26810,75.69
26820,65.08
26830,72.09
26840,72.59
26850,75.66
26860,73.11
26870,76.16
26880,81.43
26890,74.34
26900,72.55
26910,74.49
26920,77.68
26930,74.59
26940,73.23
26950,74.95
26960,76.78
26970,70.66
26980,69.68
26990,76.8
27000,76.26
27010,73.69
27020,74.72
27030,77.04
27040,76.8
27050,75.17
27060,73.64
27070,76.13
27080,77.94
27090,73.42
27100,73.3
27110,75.23
27120,74.55
27130,73.65
27140,75.22
27150,72.93
27160,72.71
27170,73.4
27180,73.44
27190,73.62
27200,73.6
27210,73.69
27220,75.8
27230,75.52
27240,76.18
27250,73.69
27260,90.33
27270,74.92
27280,71.14
27290,68.94
27300,82.09
27310,71.8
27320,73.3
27330,74.53
27340,74.08
27350,72.41
27360,71.58
27370,72.28
27380,71.22
27390,71.89
27400,71.4
27410,71.68
27420,72.15
27430,72.98
27440,75.53
27450,77.95
27460,75.99
27470,74.41
27480,75.26
27490,73.65
27500,74.11
27510,72.54
27520,71.76
27530,72.32
27540,74.96
27550,73.9
27560,73.76
27570,73.17
27580,73.78
27590,72.7
27600,73.1
27610,73.23
27620,71.98
27630,75.81
27640,74.83
27650,73.48
27660,72.98
27670,72.67
27680,71.21
27690,70.64
27700,74.52
27710,73.82
27720,74.9
27730,75.42
27740,71.91
27750,72.07
27760,71.26
27770,68.28
27780,72.14
27790,74.05
27800,72.75
27810,71.42
27820,75.31
27830,82.76
27840,76.79
27850,75.83
27860,74.5
27870,75.67
27880,79.49
27890,85.16
27900,80.18
27910,75.26
27920,76.84
27930,79.38
27940,79.52
27950,77.67
27960,12.19
27970,10.87
27980,79.52
27990,77.06
28000,71.62
28010,7.88
28020,15.51
28030,11.48
28040,77.55
28050,74.21
28060,73.63
28070,71.6
28080,73.15
28090,70.14
28100,74.25
28110,74
28120,74.77
28130,76.53
28140,72.96
28150,73.04
28160,74.09
28170,9.09
28180,0.44
28190,5.21
28200,0.9
28210,2.91
28220,0.44
28230,6.34
28240,3.25
28250,9.83
28260,4.88
28270,0.44
28280,0.44
28290,44
28300,81.23
28310,83.54
28320,79.79
28330,77.42
28340,74.41
28350,73.36
28360,73.34
28370,72.75
28380,75.23
28390,74.7
28400,73.94
28410,75.21
28420,73.1
28430,70.26
28440,71.77
28450,71
28460,73.31
28470,73.78
28480,74.05
28490,74.27
28500,74.22
28510,74.66
28520,73.55
28530,73.24
28540,86.7
28550,75.74
28560,72.09
28570,68.12
28580,76.57
28590,80.93
28600,77.27
28610,74.52
28620,74.74
28630,67.11
28640,73.61
28650,69.41
28660,72.28
28670,73.62
28680,64.53
28690,67.91
28700,67.06
28710,67.59
28720,71.01
28730,72.71
28740,71.68
28750,74.27
28760,72.83
28770,75.55
28780,73.74
28790,74.81
28800,77.1
28810,75.22
28820,76.87
28830,75.59
28840,75.16
28850,76.84
28860,74.52
28870,74.18
28880,74.32
28890,90.87
28900,77.92
28910,73.02
28920,61.86
28930,78.53
28940,84.13
28950,76.62
28960,78.41
28970,72.72
28980,71.54
28990,66.53
29000,70.91
29010,59.98
29020,54.31
29030,57.32
29040,61.28
29050,63.47
29060,66.89
29070,66.86
29080,70.18
29090,81.03
29100,78.11
29110,78.71
29120,82.33
29130,78.51
29140,78.58
29150,81.47
29160,82.47
29170,79.76
29180,77.28
29190,77.85
29200,83.13
29210,77.14
29220,73.62
29230,75.18
29240,69.44
29250,72.9
29260,77.76
29270,73.97
29280,74.14
29290,9.8
29300,6.52
29310,0.44
29320,0.88
29330,0.88
29340,0.44
29350,6.72
29360,0.44
29370,72.62
29380,81.58
29390,81.96
29400,81.75
29410,79.74
29420,80.68
29430,78.8
29440,77.55
29450,73.37
29460,73.77
29470,70.98
29480,70.5
29490,70.39
29500,72.2
29510,49.88
29520,62.57
29530,62.45
29540,61.48
29550,61.3
29560,62.6
29570,66.13
29580,63.84
29590,70.06
29600,74.91
29610,74.09
29620,75.46
29630,77.89
29640,79.05
29650,78.29
29660,76.48
29670,73.53
29680,69.14
29690,72.01
29700,71.75
29710,70.72
29720,72.98
29730,71.95
29740,74.31
29750,71.4
29760,70.99
29770,69.85
29780,69.99
29790,68.01
29800,72.32
29810,69.25
29820,68.89
29830,71.62
29840,73.9
29850,73.3
29860,77
29870,75.79
29880,75.22
29890,75.65
29900,76.39
29910,76.12
29920,75.09
29930,73.92
29940,73.68
29950,74.23
29960,74.74
29970,70.42
29980,74.97
29990,74.39
30000,77.29
30010,75.65
30020,70.52
30030,68.87
30040,71.76
30050,70.09
30060,71.04
30070,82.55
30080,71.93
30090,69.83
30100,70.88
30110,68.74
30120,67.9
30130,64.19
30140,66.7
30150,65.86
30160,67.29
30170,68.78
30180,73.24
30190,72.54
30200,69.17
30210,73.69
30220,72.18
30230,71.42
30240,87.23
30250,74.15
30260,68.88
30270,73.42
30280,73.78
30290,74.49
30300,74.96
30310,74.33
30320,71.55
30330,71.52
30340,70.1
30350,70.42
30360,72.21
30370,69.88
30380,72.12
30390,68.79
30400,67.77
30410,74.9
30420,73.18
30430,77.94
30440,64.67
30450,71.81
30460,80.25
30470,77.59
30480,73.1
30490,73.41
30500,72.86
30510,74.55
30520,72.85
30530,62.47
30540,65.8
30550,65.72
30560,66.87
30570,76.64
30580,77.05
30590,80.34
30600,65.06
30610,77.88
30620,79.3
30630,77.76
30640,77.42
30650,60.05
30660,62.39
30670,66.04
30680,56.57
30690,21.1
30700,69.88
30710,84.19
30720,79.95
30730,82.9
30740,74.74
30750,80.13
30760,75.93
30770,80.81
30780,87.16
30790,80.5
30800,78.08
30810,76.91
30820,80.49
30830,86.73
30840,81.32
30850,72.47
30860,0.44
30870,0.44
30880,0.44
30890,71.72
30900,75.03
30910,78.9
30920,78.3
30930,81.23
30940,77.68
30950,75.67
30960,72.13
30970,73.63
30980,70.48
30990,70.02
31000,69.87
31010,70.73
31020,71.1
31030,67.64
31040,66.27
31050,64.69
31060,63.71
31070,60.3
31080,61.52
31090,68.22
31100,61.7
31110,67
31120,73.27
31130,67.49
31140,46.81
31150,67.27
31160,70.03
31170,65.58
31180,56.44
31190,61.63
31200,25.07
31210,50.71
31220,64.66
31230,68.66
31240,70.74
31250,69.92
31260,70.99
31270,68.98
31280,72.7
31290,75.02
31300,73.5
31310,76.22
31320,80.69
31330,76.73
31340,78.02
31350,83.67
31360,77.24
31370,74.35
31380,6.97
31390,0.44
31400,0.88
31410,3.25
31420,3.25
31430,0.44
31440,6.52
31450,5.7
31460,2.71
31470,3.25
31480,0.44
31490,0.44
31500,82.99
31510,88.63
31520,84.25
31530,80.9
31540,80.58
31550,78.24
31560,79.33
31570,77.99
31580,75.54
31590,76.7
31600,75.01
31610,76.62
31620,75.6
31630,75.11
31640,75.52
31650,72.49
31660,74.51
31670,73.82
31680,75.15
31690,76.84
31700,75.99
31710,77.32
31720,77.31
31730,76.39
31740,78.72
31750,76.02
31760,74.76
31770,75.62
31780,73.72
31790,73.54
31800,75.89
31810,76.19
31820,74.19
31830,74.28
31840,74.64
31850,73.87
31860,71.65
31870,73.04
31880,75.18
31890,73.13
31900,72.52
31910,75.48
31920,76.6
31930,76.52
31940,72.39
31950,67.58
31960,66.98
31970,63.32
31980,70.71
31990,70.85
32000,72.18
32010,73.03
32020,74.07
32030,75.31
32040,77.17
32050,75.52
32060,75.13
32070,74.66
32080,73.19
32090,73.57
32100,72.55
32110,70.9
32120,70.49
32130,69.59
32140,70.29
32150,71.88
32160,71.55
32170,71.27
32180,73.28
32190,71.31
32200,72.06
32210,73.81
32220,75.57
32230,85.94
32240,77.87
32250,75.41
32260,72.05
32270,75.55
32280,72.19
32290,72.39
32300,71.3
32310,72.66
32320,74.69
32330,73.11
32340,69.33
32350,83.01
32360,75.3
32370,73.29
32380,73.61
32390,87.4
32400,75.46
32410,72.41
32420,70.2
32430,71.18
32440,69.73
32450,69.24
32460,69.88
32470,69.98
32480,70.28
32490,71.24
32500,71.59
32510,72.07
32520,70.46
32530,69.94
32540,71.74
32550,77.18
32560,75.87
32570,70.58
32580,67.55
32590,70.74
32600,70.51
32610,18.29
32620,74.69
32630,58.68
32640,77.58
32650,71.85
32660,73.64
32670,82.99
32680,74.32
32690,68.28
32700,65.66
32710,77.89
32720,76.98
32730,76.82
32740,77.99
32750,78.3
32760,77.13
32770,76.04
32780,55.95
32790,72.66
32800,74.34
32810,73.6
32820,73.89
32830,73.15
32840,74.46
32850,74.55
32860,73.54
32870,74.82
32880,71.45
32890,71.58
32900,65.25
32910,69.69
32920,69.77
32930,69.23
32940,69.69
32950,71.17
32960,72.54
32970,71.65
32980,71.49
32990,70.4
33000,67.52
33010,65.25
33020,67.71
33030,67.25
33040,71.29
33050,73.51
33060,72.87
33070,73.52
33080,74.28
33090,74.04
33100,76.93
33110,75.54
33120,76.68
33130,78.28
33140,77.86
33150,79.01
33160,78.95
33170,79.55
33180,79.77
33190,79.04
33200,78.58
33210,76.51
33220,79.37
33230,75.32
33240,70.89
33250,71.58
33260,89.42
33270,7.13
33280,1.18
33290,0.44
33300,2.44
33310,0.44
33320,0.44
33330,1.7
33340,1.81
33350,0.44
33360,6.52
33370,82.37
33380,79.19
33390,80.84
33400,80.82
33410,82.61
33420,79.81
33430,76.23
33440,75.03
33450,74.73
33460,76.63
33470,74.1
33480,73.63
33490,72.16
33500,79.11
33510,73.25
33520,76.51
33530,74.8
33540,75.78
33550,72.71
33560,63.5
33570,29.07
33580,58.64
33590,88.42
33600,69.53
33610,58.06
33620,49.55
33630,63.38
33640,73.25
33650,73.87
33660,73
33670,74.61
33680,73.21
33690,75.16
33700,74.47
33710,74.74
33720,75.15
33730,75.14
33740,76.64
33750,75.89
33760,77.26
33770,85.39
33780,78.79
33790,76.78
33800,75.32
33810,75.02
33820,75.32
33830,68.14
33840,74.69
33850,75.99
33860,74.26
33870,75.18
33880,76.46
33890,71.52
33900,72.91
33910,75.5
33920,75.94
33930,74.67
33940,74.27
33950,73.07
33960,73.78
33970,74.05
33980,71.57
33990,73.46
34000,75.95
34010,71.71
34020,73.91
34030,74.16
34040,72.7
34050,70.94
34060,72.93
34070,72.84
34080,72.31
34090,71.93
34100,72.07
34110,73.08
34120,76.88
34130,72.26
34140,72.21
34150,73.7
34160,74.96
34170,71.43
34180,74.83
34190,73.1
34200,73.36
34210,71.67
34220,72.66
34230,73.5
34240,74.49
34250,74.85
34260,75.81
34270,76.01
34280,76.92
34290,76.09
34300,75.36
34310,69.25
34320,72.44
34330,73.09
34340,72.63
34350,70.17
34360,70.57
34370,71.78
34380,71.86
34390,72.67
34400,73.13
34410,75.57
34420,72.59
34430,72.87
34440,76.54
34450,74.91
34460,74.98
34470,75.26
34480,72.8
34490,74.93
34500,75.4
34510,76.69
34520,78.26
34530,78
34540,68.46
34550,72.67
34560,70.35
34570,68.21
34580,61.03
34590,68.67
34600,64.93
34610,67.3
34620,68.65
34630,71.38
34640,57.49
34650,66.11
34660,64.07
34670,64.87
34680,64.54
34690,63.47
34700,65.7
34710,66.37
34720,68.93
34730,69.44
34740,71.05
34750,72.66
34760,75.56
34770,74.35
34780,74.39
34790,74.74
34800,75.26
34810,73.5
34820,74.27
34830,72.74
34840,72.9
34850,72.91
34860,71.1
34870,71.17
34880,71.02
34890,69.37
34900,70.02
34910,70.28
34920,70.56
34930,70.83
34940,69.71
34950,76.19
34960,70.71
34970,70.32
34980,71.47
34990,71.32
35000,72.15
35010,70.29
35020,68.41
35030,68.77
35040,69.68
35050,69.1
35060,70.12
35070,77.09
35080,73.92
35090,65.94
35100,71.87
35110,72.78
35120,68.23
35130,64.78
35140,64.64
35150,69.33
35160,71.9
35170,72.36
35180,73.55
35190,89.9
35200,77.66
35210,76.71
35220,80.75
35230,78.2
35240,78.06
35250,78.41
35260,77.07
35270,79.1
35280,79.54
35290,77.04
35300,78.15
35310,77.66
35320,77.74
35330,75.3
35340,76.33
35350,71.5
35360,73.57
35370,74.5
35380,72.35
35390,73.03
35400,73.88
35410,72.16
35420,74.36
35430,70.62
35440,70.75
35450,72.53
35460,72.95
35470,72.41
35480,71.21
35490,70.06
35500,73.07
35510,72.49
35520,72.43
35530,75.12
35540,75.71
35550,75.72
35560,75.27
35570,75.83
35580,77.1
35590,74.82
35600,69.94
35610,16.74
35620,8.95
35630,8.62
35640,5.61
35650,5.35
35660,12.55
35670,4.65
35680,4.3
35690,1.64
35700,77.56
35710,78.12
35720,76.83
35730,74.59
35740,78.37
35750,75.75
35760,75.43
35770,76
35780,76.79
35790,77.03
35800,73.7
35810,71.11
35820,74.3
35830,76.57
35840,77.03
35850,74.23
35860,78.02
35870,77.19
35880,75.99
35890,76.7
35900,75.74
35910,64.8
35920,4.94
35930,5.76
35940,1.64
35950,0.44
35960,11.77
35970,1.64
35980,0.61
35990,78.09
36000,79.68
36010,78.22
36020,77.73
36030,78.54
36040,76.43
36050,74.35
36060,75.4
36070,76.07
36080,76.32
36090,76.74
36100,76
36110,76.34
36120,77.28
36130,76.19
36140,77.24
36150,74.24
36160,74.46
36170,77.09
36180,75.08
36190,75.28
36200,76.8
36210,75.04
36220,72.63
36230,11.81
36240,11.16
36250,5.97
36260,10.54
36270,4.51
36280,0.44
36290,1.42
36300,0.44
36310,79.27
36320,79.36
36330,79.93
36340,77.89
36350,78.09
36360,77.81
36370,74.01
36380,75.93
36390,73.64
36400,75.69
36410,73.99
36420,74.38
36430,69.98
36440,68.17
36450,70.81
36460,69.21
36470,70.62
36480,75.05
36490,71.84
36500,72.88
36510,74.68
36520,77.09
36530,77.25
36540,77.58
36550,77.82
36560,78.74
36570,80.76
36580,82.39
36590,76.17
36600,76.14
36610,74.61
36620,73.89
36630,72.65
36640,74.74
36650,75.13
36660,64.36
36670,68.11
36680,67.9
36690,62.29
36700,64.84
36710,66.93
36720,51.99
36730,67.66
36740,69.36
36750,66.8
36760,67.71
36770,69.95
36780,71.7
36790,72.51
36800,71.11
36810,71.97
36820,68.42
36830,64.76
36840,68.09
36850,62.97
36860,63.55
36870,65.9
36880,67.77
36890,70.08
36900,70.09
36910,70.11
36920,69.44
36930,68.14
36940,88.87
36950,72.6
36960,72.05
36970,82.47
36980,67.92
36990,82.12
37000,77.32
37010,76.3
37020,80.94
37030,80.91
37040,82.16
37050,69.05
37060,79.42
37070,69.06
37080,72.14
37090,72.3
37100,63.64
37110,69.21
37120,69.12
37130,71.2
37140,72.14
37150,72.37
37160,73.37
37170,73.42
37180,74.52
37190,74.68
37200,75.17
37210,76.18
37220,77.22
37230,74.41
37240,73.54
37250,73.86
37260,73.71
37270,75.26
37280,76.27
37290,74.85
37300,76.52
37310,77.07
37320,77.52
37330,77.57
37340,77.43
37350,77.79
37360,30.07
37370,11.11
37380,1.64
37390,11.65
37400,0.44
37410,0.46
37420,0.44
37430,77.36
37440,79.4
37450,76.22
37460,75.92
37470,76.43
37480,76.16
37490,73.67
37500,76.75
37510,78.21
37520,76.63
37530,74.8
37540,37.69
37550,0.44
37560,2.04
37570,3.25
37580,0.44
37590,1.25
37600,0.44
37610,92.59
37620,84.91
37630,82.25
37640,80.52
37650,80.33
37660,70.67
37670,51.73
37680,31.24
37690,20.54
37700,83.55
37710,83.35
37720,80.61
37730,74.47
37740,80.55
37750,75.31
37760,80.61
37770,80.05
37780,79.8
37790,81.58
37800,81.81
37810,81.8
37820,81.78
37830,80.82
37840,78.64
37850,74.2
37860,75.14
37870,75.82
37880,73.4
37890,70.03
37900,68.58
37910,12.23
37920,6.24
37930,1.96
37940,10.49
37950,8.54
37960,18.44
37970,13.33
37980,15.98
37990,12.64
38000,12.13
38010,72.49
38020,69.85
38030,64.01
38040,72.67
38050,73.62
38060,73.97
38070,80.74
38080,84.39
38090,81.72
38100,82.08
38110,79.61
38120,79.1
38130,75.98
38140,72.15
38150,35.13
38160,12.15
38170,10
38180,10.29
38190,71.41
38200,76.39
38210,81.45
38220,78.48
38230,75.42
38240,74.75
38250,83.92
38260,71.8
38270,73.57
38280,73.87
38290,70.12
38300,71.47
38310,73.86
38320,73.59
38330,74.95
38340,88.9
38350,75.57
38360,72.31
38370,76.17
38380,75.23
38390,71.18
38400,57.59
38410,58.81
38420,72.53
38430,78.09
38440,77.25
38450,78.31
38460,78.45
38470,77.86
38480,73.35
38490,75.79
38500,77.01
38510,85.45
38520,74.06
38530,76.61
38540,74.75
38550,57.22
38560,80.93
38570,75.13
38580,75.08
38590,75.18
38600,74.69
38610,73.81
38620,75.64
38630,75
38640,77.99
38650,77.54
38660,78.32
38670,78.14
38680,76.12
38690,72.88
38700,73.8
38710,75.61
38720,83.42
38730,82.12
38740,84.1
38750,78.28
38760,78.64
38770,72.86
38780,86.68
38790,77.63
38800,73.84
38810,76.35
38820,74.87
38830,75.5
38840,76.43
38850,21.81
38860,37.49
38870,68.79
38880,67.9
38890,75.33
38900,78.18
38910,73.08
38920,67.01
38930,67.75
38940,3.68
38950,0.44
38960,78.47
38970,69.28
38980,73.73
38990,78.25
39000,71.91
39010,77.02
39020,65.63
39030,67.1
39040,71.7
39050,71.17
39060,69
39070,50.86
39080,70.82
39090,68.11
39100,0.56
39110,9.21
39120,3
39130,69.09
39140,77.41
39150,77.89
39160,67.41
39170,83.54
39180,72.01
39190,72.84
39200,56.37
39210,0.94
39220,0.44
39230,6.52
39240,80.5
39250,82.95
39260,83.62
39270,74.52
39280,81.05
39290,74.06
39300,74.76
39310,73.83
39320,73.35
39330,70.7
39340,75.86
39350,73.36
39360,75.14
39370,82.36
39380,73.4
39390,71.78
39400,70.82
39410,74.84
39420,72.4
39430,67.4
39440,68.64
39450,71.48
39460,68.88
39470,71.2
39480,71.88
39490,72.87
39500,69.59
39510,72.39
39520,74.21
39530,74.84
39540,71.42
39550,74.11
39560,73.05
39570,73.02
39580,73.82
39590,72.12
39600,73.18
39610,73.24
39620,71.88
39630,70.94
39640,71.46
39650,70.29
39660,70.65
39670,72.37
39680,72.02
39690,71.13
39700,71.85
39710,72.92
39720,72.19
39730,70.21
39740,71.43
39750,71.52
39760,72.36
39770,71.92
39780,73.17
39790,74.35
39800,74.48
39810,75.08
39820,74.26
39830,71.39
39840,73.84
39850,75.55
39860,74.13
39870,69.29
39880,64.78
39890,85.42
39900,70.76
39910,65.15
39920,63.56
39930,83.66
39940,69.81
39950,69.11
39960,41.82
39970,67.81
39980,66.94
39990,71.22
40000,74.88
40010,79.07
40020,63.44
40030,74.09
40040,86.08
40050,74.4
40060,86.45
40070,65.46
40080,40.81
40090,63.89
40100,68.01
40110,67.64
40120,66.65
40130,66.79
40140,60.64
40150,63.82
40160,67.06
40170,66.74
40180,65.95
40190,66.57
40200,67.56
40210,69.72
40220,70.99
40230,70.2
40240,69.9
40250,69.06
40260,74.99
40270,69.83
40280,64.91
40290,51.23
40300,66.68
40310,62.54
40320,63.75
40330,54.67
40340,61.8
40350,65.62
40360,63.34
40370,71.93
40380,85.03
40390,62.74
40400,68.91
40410,76.93
40420,77.38
40430,54.48
40440,72.66
40450,66.67
40460,70.96
40470,70.25
40480,74.15
40490,72.6
40500,73.11
40510,75.18
40520,70.39
40530,75.85
40540,77.81
40550,68.99
40560,83.85
40570,76.4
40580,65.34
40590,68.14
40600,73.71
40610,67.7
40620,56.61
40630,41.9
40640,64.89
40650,47.34
40660,62.52
40670,69.68
40680,69.65
40690,68.82
40700,65.69
40710,75.27
40720,78.21
40730,78.49
40740,85.56
40750,79.75
40760,78.97
40770,79.77
40780,78.81
40790,78.73
40800,76.8
40810,82.1
40820,80.05
40830,76.07
40840,74.57
40850,75.64
40860,75.5
40870,73.65
40880,71.73
40890,71.08
40900,70.98
40910,71.59
40920,68.51
40930,70.58
40940,69.82
40950,71.82
40960,69.16
40970,69.09
40980,67.38
40990,68.12
41000,69.97
41010,71.44
41020,68.44
41030,70.82
41040,73.06
41050,74.42
41060,76.6
41070,85.3
41080,78.14
41090,76.82
41100,75.63
41110,72.75
41120,77.6
41130,74.84
41140,74.4
41150,73.47
41160,74.1
41170,73.15
41180,72.86
41190,73.18
41200,75.74
41210,75.34
41220,61.87
41230,67.75
41240,69.56
41250,69.86
41260,70.41
41270,72.8
41280,64.66
41290,65.26
41300,73.73
41310,68.48
41320,63.42
41330,64.35
41340,69.16
41350,63.94
41360,65.08
41370,66.69
41380,71.34
41390,71.68
41400,73.37
41410,72.6
41420,74.37
41430,74.3
41440,73.63
41450,74.31
41460,77.13
41470,73.04
41480,76.74
41490,79.28
41500,79.31
41510,78.76
41520,79.32
41530,78.29
41540,79.75
41550,76.78
41560,78.93
41570,81.69
41580,78.47
41590,75.58
41600,73.5
41610,72.24
41620,77.14
41630,78.61
41640,79.11
41650,74.06
41660,67.56
41670,71.37
41680,75.91
41690,71.29
41700,64.43
41710,69.67
41720,71.56
41730,69.5
41740,72.31
41750,76.15
41760,77.62
41770,68.12
41780,68.96
41790,70.36
41800,79.39
41810,62.28
41820,25.01
41830,9.64
41840,1.09
41850,20.19
41860,61.54
41870,53.87
41880,68.29
41890,70.95
41900,72.56
41910,71.95
41920,72.85
41930,73.81
41940,75.52
41950,74
41960,77.47
41970,74.37
41980,76.82
41990,85.51
42000,74.85
42010,69.15
42020,67.69
42030,69.77
42040,66.59
42050,63.23
42060,64.97
42070,65.69
42080,65.24
42090,69.42
42100,71.47
42110,71.73
42120,74.23
42130,77.59
42140,75.43
42150,75.2
42160,81
42170,77.26
42180,76.72
42190,73.68
42200,74.28
42210,74.62
42220,74.67
42230,75.46
42240,70.3
42250,74.02
42260,76.1
42270,73.48
42280,73.07
42290,74.47
42300,74.6
42310,73.38
42320,71.99
42330,72
42340,71.55
42350,71.57
42360,70.31
42370,59.86
42380,61.68
42390,57.67
42400,49.9
42410,56.85
42420,62.93
42430,64.16
42440,63.54
42450,63.5
42460,66.01
42470,66.35
42480,69.59
42490,69.12
42500,71.5
42510,71.44
42520,72.55
42530,73.75
42540,76.07
42550,79.34
42560,78
42570,78.72
42580,82.84
42590,79.83
42600,76.9
42610,76.57
42620,79.11
42630,77.99
42640,73.97
42650,74.67
42660,77.64
42670,70.75
42680,70.73
42690,74.79
42700,79.44
42710,72.9
42720,64.72
42730,61.71
42740,67.87
42750,75.43
42760,72.17
42770,64.03
42780,68.56
42790,77.73
42800,77.93
42810,76.72
42820,76.32
42830,77.32
42840,78.78
42850,79.03
42860,80.53
42870,80.17
42880,81.24
42890,77.92
42900,77.91
42910,79.87
42920,80.95
42930,78.72
42940,74.89
42950,72.04
42960,80.28
42970,77.55
42980,48.7
42990,35.96
43000,82.48
43010,0.44
43020,0.44
43030,0.44
43040,0.44
43050,0.44
43060,0.44
43070,0.44
43080,0.44
43090,1.83
43100,8.53
43110,91.16
43120,95.81
43130,85.59
43140,82.14
43150,79.49
43160,77.41
43170,74.08
43180,71.48
43190,74.11
43200,71.69
43210,72.74
43220,74.45
43230,73.07
43240,74.91
43250,73.93
43260,72.68
43270,74.13
43280,72.44
43290,68.86
43300,69.25
43310,69.08
43320,67.03
43330,59.29
43340,63.05
43350,64.7
43360,62.11
43370,55.16
43380,47.98
43390,32.35
43400,45.93
43410,53.08
43420,47.3
43430,45.42
43440,47.64
43450,45.14
43460,52.9
43470,60.4
43480,64.63
43490,64.6
43500,69.01
43510,72.73
43520,73.45
43530,78.77
43540,72.53
43550,73.08
43560,83.2
43570,77.7
43580,75.99
43590,74.23
43600,73.21
43610,75.28
43620,77
43630,76.74
43640,78.13
43650,78.61
43660,79.96
43670,79.27
43680,79.54
43690,78.13
43700,78.66
43710,79.04
43720,75.12
43730,75.07
43740,75.69
43750,75.61
43760,76.19
43770,77.23
43780,76.46
43790,75.67
43800,74.04
43810,77.95
43820,89.91
43830,73.84
43840,65.15
43850,70.69
43860,59.8
43870,67.23
43880,69.13
43890,73.26
43900,71.7
43910,72.55
43920,69.77
43930,69.91
43940,71.87
43950,81.64
43960,76.05
43970,73.53
43980,72.44
43990,70.75
44000,71.32
44010,70.94
44020,72.2
44030,65.95
44040,69.61
44050,67.55
44060,72.73
44070,78.07
44080,73.92
44090,70.87
44100,70.03
44110,68.39
44120,73.35
44130,73.44
44140,72.56
44150,74.08
44160,75.15
44170,73.82
44180,77.05
44190,74.93
44200,73.4
44210,71.71
44220,76.89
44230,74.85
44240,74.97
44250,72.74
44260,72.38
44270,76.59
44280,73.08
44290,70.82
44300,71.52
44310,68.35
44320,69.28
44330,71.27
44340,72.03
44350,73.12
44360,73.5
44370,74.84
44380,73.7
44390,71.27
44400,73.11
44410,74.4
44420,73.35
44430,74.37
44440,74.38
44450,73.72
44460,73.28
44470,87.23
44480,71.08
44490,68.94
44500,37.61
44510,0.44
44520,2.21
44530,6.53
44540,0.44
44550,0.44
44560,0.44
44570,9.66
44580,0.44
44590,76.25
44600,81.32
44610,79.76
44620,85.81
44630,79.14
44640,77.74
44650,80.24
44660,78.43
44670,78.53
44680,78.2
44690,73.99
44700,76.99
44710,75.82
44720,74.33
44730,74.33
44740,73.45
44750,74.56
44760,74.92
44770,72.52
44780,73.23
44790,74.48
44800,73.18
44810,75.13
44820,74.98
44830,73.29
44840,73.47
44850,74.22
44860,74.88
44870,72.46
44880,72.76
44890,73.29
44900,74.17
44910,73.6
44920,73.45
44930,73.73
44940,72.25
44950,72.56
44960,71.97
44970,72.67
44980,69.57
44990,67.52
45000,64.72
45010,67.94
45020,67.09
45030,63.18
45040,60.32
45050,42.66
45060,57.77
45070,59.84
45080,67.87
45090,66.13
45100,62.74
45110,59.66
45120,62.34
45130,69.46
45140,72.49
45150,69.96
45160,73.52
45170,72.62
45180,74.76
45190,68.48
45200,68.31
45210,91.35
45220,81.1
45230,73.45
45240,80.75
45250,74.49
45260,89.48
45270,78.14
45280,77.72
45290,75.3
45300,74.71
45310,74.98
45320,76.75
45330,74.89
45340,75.36
45350,75.2
45360,72.19
45370,77.71
45380,76.87
45390,76.68
45400,79.2
45410,79.92
45420,80.54
45430,81.43
45440,78.14
45450,75.87
45460,77.04
45470,77.82
45480,78.16
45490,76.28
45500,76.03
45510,75.4
45520,76.4
45530,75.23
45540,74.05
45550,73.17
45560,74.69
45570,75.12
45580,73.61
45590,72.79
45600,73.64
45610,73.46
45620,71.32
45630,70.41
45640,69.98
45650,70.07
45660,70.28
45670,67.22
45680,70.69
45690,74.02
45700,73.3
45710,71.52
45720,72.87
45730,72.07
45740,74.38
45750,74.16
45760,73.67
45770,69.59
45780,71.59
45790,75.19
45800,62.5
45810,88.91
45820,71.8
45830,32.45
45840,68.82
45850,67.76
45860,71.47
45870,71.56
45880,78.8
45890,76.23
45900,74.44
45910,77.27
45920,75.27
45930,74.01
45940,73.04
45950,77.91
45960,48.34
45970,80.38
45980,76.7
45990,83.88
46000,78.35
46010,75.08
46020,75.03
46030,83.24
46040,75.99
46050,73.78
46060,82.24
46070,73.15
46080,71.05
46090,77.2
46100,72.49
46110,72.35
46120,49.5
46130,73.45
46140,59.49
46150,71.98
46160,37.98
46170,71.6
46180,73.21
46190,74.93
46200,53.42
46210,67.27
46220,71.74
46230,37.25
46240,80.33
46250,69.62
46260,73.07
46270,76.62
46280,68.9
46290,74.19
46300,70.21
46310,75.58
46320,76.39
46330,70.88
46340,72.64
46350,75.17
46360,53.18
46370,73.26
46380,37.59
46390,58.52
46400,70.49
46410,66.41
46420,72.98
46430,68.14
46440,61.78
46450,77.56
46460,74.37
46470,74.56
46480,67.11
46490,40.62
46500,70.89
46510,83.52
46520,61.75
46530,68.05
46540,70.51
46550,84.55
46560,68.44
46570,57.96
46580,72.44
46590,61.82
46600,16.83
46610,5.02
46620,2.13
46630,0.44
46640,0.44
46650,0.44
46660,0.44
46670,0.44
46680,0.44
46690,2.05
46700,0.44
46710,2.21
46720,2.64
46730,6.52
46740,0.44
46750,13.09
46760,0.45
46770,0.44
46780,3.62
46790,0.88
46800,3.29
46810,0.44
46820,0.44
46830,0.44
46840,2.85
46850,0.44
46860,2.44
46870,0.44
46880,1.11
46890,94.01
46900,90.43
46910,81.56
46920,80.76
46930,80.75
46940,82.57
46950,84.09
46960,93.04
46970,85.98
46980,86.5
46990,87.3
47000,84.85
47010,82.37
47020,80.78
47030,77.96
47040,75.16
47050,72.2
47060,70.28
47070,69.71
47080,58.4
47090,11.46
47100,7.6
47110,4.13
47120,8.27
47130,3.9
47140,9.69
47150,4.46
47160,4.5
47170,1.22
47180,3.76
47190,2.54
47200,6.1
47210,5.64
47220,8.24
47230,45.06
47240,84.79
47250,77.09
47260,72.07
47270,67.08
47280,61.18
47290,49.66
47300,12.04
47310,11.28
47320,4.34
47330,4.46
47340,1.91
47350,4.09
47360,1.01
47370,5.44
47380,1.85
47390,6.41
47400,4.84
47410,30.55
47420,77.82
47430,82.14
47440,85.18
47450,83.1
47460,82.84
47470,79.47
47480,78.51
47490,73.87
47500,71.83
47510,72.59
47520,67.57
47530,75.4
47540,52.28
47550,36.67
47560,44.77
47570,67.32
47580,72.85
47590,68.98
47600,69.46
47610,71.9
47620,64.23
47630,58.4
47640,62.86
47650,66.69
47660,86.31
47670,19.54
47680,7.76
47690,67.34
47700,75.33
47710,79.39
47720,77.84
47730,73.55
47740,67.55
47750,60.47
47760,58.71
47770,61.56
47780,46.27
47790,38.08
47800,48.09
47810,49.44
47820,51.68
47830,59.76
47840,62.59
47850,66.82
47860,68.37
47870,67.57
47880,64.5
47890,60.3
47900,54.81
47910,43.92
47920,49.28
47930,44.79
47940,37.98
47950,20.71
47960,24.29
47970,23.42
47980,25.95
47990,42.41
48000,56.04
48010,53.51
48020,51.32
48030,62.9
48040,49.38
48050,67.44
48060,32.53
48070,62.23
48080,38.27
48090,55.03
48100,42.32
48110,63.29
48120,63.97
48130,74.86
48140,75.21
48150,75.02
48160,78.27
48170,82.54
48180,81.13
48190,79.16
48200,78.87
48210,76.93
48220,77.76
48230,72.82
48240,72.74
48250,72.87
48260,66.77
48270,65.6
48280,73.12
48290,70.36
48300,75.66
48310,74.75
48320,88.42
48330,81.41
48340,78.53
48350,76.16
48360,74
48370,73.17
48380,72.24
48390,72.82
48400,67.99
48410,69.32
48420,71.84
48430,71.78
48440,76.99
48450,75.38
48460,76.88
48470,76.28
48480,79.56
48490,82.03
48500,79.5
48510,80.7
48520,81.33
48530,77.47
48540,71.74
48550,69.55
48560,71.62
48570,69.82
48580,67.76
48590,67.01
48600,71.73
48610,73.64
48620,75.01
48630,72.79
48640,73.79
48650,74.22
48660,74.39
48670,91.59
48680,72.74
48690,70.06
48700,66.21
48710,64.06
48720,65.84
48730,64.86
48740,64.43
48750,68.81
48760,68.85
48770,70.73
48780,72.18
48790,74.92
48800,75.86
48810,70.8
48820,78.14
48830,77.03
48840,76.63
48850,77.35
48860,76.29
48870,73.68
48880,71.63
48890,71.47
48900,48.56
48910,64.7
48920,66.5
48930,57.84
48940,64.55
48950,67.96
48960,69
48970,67.63
48980,69.29
48990,75.45
49000,68.23
49010,72.86
49020,70.58
49030,75.13
49040,72.54
49050,69.03
49060,76.38
49070,76.67
49080,74.12
49090,75.35
49100,76.37
49110,76.04
49120,76.59
49130,78.36
49140,77.72
49150,78.17
49160,77.63
49170,74.28
49180,75.51
49190,74.53
49200,73.52
49210,72.94
49220,72.76
49230,72.04
49240,70.6
49250,71.82
49260,73.42
49270,72.41
49280,75.95
49290,77.52
49300,76.96
49310,77.22
49320,76.76
49330,73.92
49340,72.04
49350,70.94
49360,70.91
49370,69.14
49380,68.63
49390,69.31
49400,72.64
49410,72.04
49420,73.16
49430,73.66
49440,74.66
49450,75.37
49460,76.77
49470,73.23
49480,73.19
49490,75.09
49500,76.19
49510,73.27
49520,71.17
49530,69.93
49540,72.83
49550,73.3
49560,71.13
49570,71.78
49580,71.2
49590,67.62
49600,68.96
49610,71.6
49620,73.17
49630,71.57
49640,72.76
49650,73.79
49660,73.31
49670,74.95
49680,76.37
49690,72.97
49700,74.12
49710,75.32
49720,75.21
49730,73.73
49740,76.88
49750,77.65
49760,80.09
49770,76.99
49780,75.82
49790,73.26
49800,71.79
49810,71.63
49820,71.8
49830,71.17
49840,69.9
49850,67.29
49860,64.62
49870,64.91
49880,58.77
49890,57.79
49900,61.15
49910,60.85
49920,68.04
49930,68.92
49940,87.85
49950,74.7
49960,74.12
49970,72.43
49980,51.73
49990,71.86
50000,71.19
50010,70.11
50020,71.26
50030,74.78
50040,74.9
50050,72.46
50060,72.15
50070,76.92
50080,76.64
50090,75.96
50100,76.21
50110,83.75
50120,78.12
50130,76.21
50140,74.4
50150,75.87
50160,72.75
50170,71.77
50180,70.57
50190,71.88
50200,71.78
50210,68.69
50220,69.3
50230,74
50240,79.39
50250,73.67
50260,75.23
50270,81.2
50280,79.15
50290,78.62
50300,79.2
50310,78.49
50320,78.49
50330,76.63
50340,77.05
50350,74.81
50360,74.18
50370,76.09
50380,75.53
50390,74.97
50400,75.71
50410,76.7
50420,76.88
50430,77.68
50440,77
50450,79.75
50460,74.8
50470,73.69
50480,73.69
50490,74.42
50500,72.05
50510,73.6
50520,72.46
50530,70.39
50540,70.67
50550,70.58
50560,73.44
50570,72.47
50580,71.12
50590,70.73
50600,64.74
50610,67.16
50620,69.22
50630,81.87
50640,76.4
50650,74.75
50660,78.51
50670,74.46
50680,72.84
50690,84.05
50700,76
50710,68.63
50720,72.48
50730,74.02
50740,73.29
50750,73.86
50760,73.21
50770,72.62
50780,72.57
50790,70.84
50800,71.08
50810,68.21
50820,71.04
50830,56
50840,44.95
50850,59.51
50860,22.9
50870,20.66
50880,22.79
50890,86.58
50900,66.92
50910,68.44
50920,66.85
50930,66.1
50940,71.59
50950,74.11
50960,74.04
50970,77.26
50980,78.54
50990,74.9
51000,75.95
51010,79.86
51020,77.13
51030,77.32
51040,72.32
51050,69.72
51060,71.79
51070,74.13
51080,73.12
51090,74.64
51100,77.53
51110,79.9
51120,71.58
51130,74.11
51140,73.33
51150,70.68
51160,69.82
51170,69.81
51180,67.46
51190,64.05
51200,66.34
51210,66.42
51220,67.26
51230,69.18
51240,71.98
51250,70.85
51260,71.29
51270,70.3
51280,70.91
51290,69.85
51300,71.21
51310,69.98
51320,69.35
51330,69.35
51340,68.66
51350,68.6
51360,68.29
51370,68.06
51380,68.85
51390,67.36
51400,67.48
51410,64.69
51420,63.35
51430,57.92
51440,60.24
51450,60.27
51460,58.91
51470,62.03
51480,66.73
51490,82.14
51500,72.48
51510,64.29
51520,68.03
51530,90.23
51540,57.36
51550,14
51560,7.63
51570,4.22
51580,74.69
51590,71.82
51600,78.21
51610,76.66
51620,77.39
51630,80.57
51640,77.67
51650,76.96
51660,77.01
51670,77.37
51680,78.25
51690,83.14
51700,78.31
51710,76.14
51720,75.03
51730,75.83
51740,73.83
51750,73.17
51760,68.94
51770,65.86
51780,64.94
51790,63.14
51800,66.04
51810,61.02
51820,63.02
51830,57.64
51840,65.58
51850,46.06
51860,68.07
51870,67.81
51880,73.92
51890,75.87
51900,76.32
51910,78.02
51920,77.17
51930,76.4
51940,75.74
51950,74.09
51960,73.36
51970,71.73
51980,70.67
51990,71.73
52000,68.99
52010,66.96
52020,69.25
52030,69.91
52040,71.06
52050,71.17
52060,88.17
52070,77.36
52080,75.45
52090,74.26
52100,75.45
52110,77.65
52120,74.66
52130,72.8
52140,73.1
52150,72.66
52160,62.5
52170,69.55
52180,79.73
52190,77.55
52200,77.71
52210,78.04
52220,77.95
52230,76.54
52240,76.67
52250,74.73
52260,87.95
52270,76.05
52280,72.72
52290,66.84
52300,66.99
52310,64.94
52320,65.77
52330,63.7
52340,60.68
52350,59.22
52360,69.57
52370,55.72
52380,59.31
52390,71.48
52400,69.01
52410,74.2
52420,75
52430,67.07
52440,72.74
52450,71.53
52460,70.32
52470,76.18
52480,73.37
52490,71.66
52500,74.97
52510,72.91
52520,72.16
52530,74.38
52540,73.79
52550,73.37
52560,72.69
52570,70.09
52580,67.12
52590,65.68
52600,68.1
52610,65.99
52620,66.67
52630,66.99
52640,68.89
52650,73.8
52660,71.37
52670,72.88
52680,74.04
52690,74.52
52700,72.02
52710,75.64
52720,76.75
52730,72.96
52740,57.19
52750,41.04
52760,70.85
52770,69.37
52780,62.68
52790,68.53
52800,55.83
52810,66.62
52820,64.72
52830,69.5
52840,70.2
52850,64.8
52860,63.49
52870,68.12
52880,81.36
52890,66.45
52900,14.44
52910,1.46
52920,5.34
52930,0.44
52940,0.44
52950,0.44
52960,7.1
52970,0.56
52980,0.44
52990,0.45
53000,0.44
53010,0.44
53020,0.44
53030,0.44
53040,0.44
53050,3.25
53060,0.85
53070,0.44
53080,2.11
53090,0.44
53100,0.44
53110,0.44
53120,0.44
53130,0.44
53140,0.88
53150,0.44
53160,5.25
53170,0.44
53180,85.07
53190,94.55
53200,85.33
53210,83.48
53220,81.63
53230,81.69
53240,80.81
53250,81.37
53260,82.58
53270,81.14
53280,81.33
53290,88.46
53300,83.69
53310,82.69
53320,87.85
53330,82.99
53340,81.71
53350,79.91
53360,78.97
53370,74.23
53380,71.99
53390,58.06
53400,12.91
53410,3.08
53420,7.43
53430,2.35
53440,3.33
53450,0.46
53460,0.44
53470,0.44
53480,0.85
53490,6.52
53500,0.44
53510,1.79
53520,6.52
53530,0.44
53540,0.44
53550,0.44
53560,0.44
53570,0.44
53580,0.44
53590,0.44
53600,0.44
53610,0.44
53620,0.44
53630,0.44
53640,70.78
53650,82.99
53660,79.43
53670,83.37
53680,84.25
53690,81.02
53700,79.32
53710,78.36
53720,77.53
53730,74.22
53740,78.18
53750,77.83
53760,77.14
53770,78.44
53780,78.03
53790,76.46
53800,80.05
53810,79.86
53820,84.32
53830,78.08
53840,77.06
53850,76.85
53860,75.12
53870,75.55
53880,77.47
53890,76.23
53900,75.21
53910,73.72
53920,72.47
53930,74.55
53940,77.88
53950,76.01
53960,74.38
53970,80.44
53980,73.51
53990,8
54000,74.19
54010,80.39
54020,74.68
54030,88.14
54040,55.07
54050,80.98
54060,60.19
54070,72.55
54080,58.13
54090,74.13
54100,66.98
54110,63.96
54120,71.29
54130,54.17
54140,69.35
54150,83.11
54160,33.65
54170,69.67
54180,37.32
54190,85.86
54200,34.93
54210,66.29
54220,62.01
54230,16.37
54240,66.72
54250,27.48
54260,77.69
54270,73.24
54280,75.49
54290,0.44
54300,0.44
54310,70.67
54320,18.43
54330,70.15
54340,68.38
54350,68.47
54360,64.89
54370,61.74
54380,73.41
54390,65.28
54400,0.44
54410,0.44
54420,39.49
54430,64.19
54440,83.69
54450,70.49
54460,69.86
54470,81
54480,56.42
54490,44.32
54500,84.84
54510,2.16
54520,84.73
54530,57
54540,69.62
54550,81.15
54560,67.88
54570,75.69
54580,69.37
54590,77.43
54600,72.25
54610,76.18
54620,80.87
54630,44.87
54640,76.37
54650,73.67
54660,62.81
54670,69.97
54680,68.05
54690,69.29
54700,60.95
54710,76.48
54720,76.46
54730,78.52
54740,70.02
54750,76.07
54760,70
54770,0.44
54780,1.81
54790,90.54
54800,71.57
54810,73.4
54820,72.97
54830,72.23
54840,72.66
54850,71.72
54860,68.49
54870,66.96
54880,66.08
54890,65.6
54900,66.22
54910,72.79
54920,53.65
54930,67.43
54940,73.41
54950,73.04
54960,73.06
54970,76.59
54980,77.47
54990,75.77
55000,76.41
55010,74.53
55020,73.12
55030,72.96
55040,71
55050,66.08
55060,62.2
55070,62.21
55080,67.95
55090,70.15
55100,70.74
55110,70.29
55120,72.2
55130,72.83
55140,73.74
55150,73.61
55160,67.83
55170,65.35
55180,68.48
55190,77.9
55200,66.66
55210,44.37
55220,7.2
55230,82.38
55240,68.1
55250,61.5
55260,72.71
55270,81.79
55280,54.51
55290,86.53
55300,72.33
55310,78.63
55320,72.76
55330,74.27
55340,37.17
55350,79.85
55360,72.14
55370,67.51
55380,66.24
55390,59.23
55400,66.12
55410,66.06
55420,65.69
55430,66.64
55440,69.45
55450,68.51
55460,69.54
55470,70.52
55480,73.32
55490,72.7
55500,73.82
55510,74.41
55520,73.44
55530,72.78
55540,70.83
55550,78.61
55560,75.54
55570,69.91
55580,73.65
55590,68.04
55600,68.37
55610,71.69
55620,68.8
55630,69.14
55640,67.35
55650,69.86
55660,70.07
55670,68.65
55680,68.17
55690,74.71
55700,64.36
55710,82.55
55720,65.36
55730,75.91
55740,74.05
55750,80.69
55760,80.36
55770,73.04
55780,72.24
55790,0.44
55800,35.08
55810,70.67
55820,69.3
55830,64.29
55840,60.74
55850,67.48
55860,66.87
55870,83.38
55880,73.36
55890,76.02
55900,75.35
55910,75.91
55920,77.72
55930,77.02
55940,77.44
55950,75.03
55960,74.21
55970,76.88
55980,65.34
55990,63.9
56000,62.96
56010,69.13
56020,70.34
56030,72.17
56040,74.52
56050,69.13
56060,74.18
56070,75.69
56080,77.04
56090,76.73
56100,78.15
56110,78.54
56120,78.54
56130,76.49
56140,76.71
56150,74.71
56160,74.28
56170,70.86
56180,69.75
56190,71.49
56200,67.27
56210,63.4
56220,63.41
56230,64.42
56240,66.25
56250,66.77
56260,68.12
56270,67.03
56280,66.95
56290,61.62
56300,61.49
56310,59.97
56320,61.42
56330,40.62
56340,63.78
56350,46.57
56360,61.44
56370,66.38
56380,65.22
56390,69.72
56400,70.81
56410,69.4
56420,87
56430,62.83
56440,44.14
56450,59.03
56460,40.83
56470,49.96
56480,58.68
56490,56.01
56500,63.94
56510,16.31
56520,52.46
56530,51.87
56540,51.41
56550,60.26
56560,59.45
56570,66.07
56580,66.07
56590,64.8
56600,60.61
56610,57.18
56620,58.12
56630,46.43
56640,41.81
56650,32.08
56660,20.85
56670,47.7
56680,77.17
56690,75.73
56700,80.93
56710,78.85
56720,80.37
56730,84.42
56740,80.14
56750,77.9
56760,75.66
56770,75.82
56780,74.26
56790,72.27
56800,72.91
56810,74.06
56820,73.04
56830,75.06
56840,74.71
56850,71.55
56860,74.28
56870,75.67
56880,74.44
56890,78.68
56900,78.92
56910,76.78
56920,74.41
56930,70.53
56940,70.24
56950,65.55
56960,56.01
56970,65.84
56980,59.51
56990,64.44
57000,65.94
57010,64.05
57020,69.96
57030,72.06
57040,74.53
57050,74.31
57060,73.64
57070,71.52
57080,78.26
57090,83.48
57100,81.66
57110,76.09
57120,71.36
57130,69.61
57140,69.16
57150,69.02
57160,66
57170,68.08
57180,75.36
57190,13.1
57200,0.44
57210,74.08
57220,55.49
57230,74.46
57240,74.93
57250,73.01
57260,74.94
57270,73.83
57280,72.74
57290,73.68
57300,71.56
57310,71.33
57320,72.43
57330,70.55
57340,73.37
57350,72.8
57360,71.54
57370,73.42
57380,66.66
57390,59.12
57400,67.58
57410,64.95
57420,60.75
57430,70.03
57440,69.81
57450,64.4
57460,64.98
57470,67.91
57480,69.16
57490,68.33
57500,70.27
57510,73.02
57520,72.98
57530,72.78
57540,72.59
57550,88.56
57560,77.58
57570,73.51
57580,71.42
57590,80.93
57600,73.46
57610,75.83
57620,72.81
57630,77.59
57640,72.95
57650,83.43
57660,76.32
57670,70.54
57680,80.53
57690,78.08
57700,62.71
57710,77.22
57720,69.51
57730,74.64
57740,71.12
57750,72.7
57760,20.41
57770,73.32
57780,75.01
57790,74.74
57800,72.75
57810,80.78
57820,74.56
57830,74.66
57840,75.04
57850,75.82
57860,76.59
57870,76.66
57880,73.83
57890,73.43
57900,69.12
57910,72.47
57920,63.62
57930,67.42
57940,60.95
57950,70.58
57960,67.13
57970,70.41
57980,65.47
57990,63.54
58000,67.09
58010,75.97
58020,74.02
58030,73.15
58040,76.19
58050,76.42
58060,76.79
58070,77.97
58080,68.85
58090,72.04
58100,73.92
58110,76.72
58120,75.65
58130,75.11
58140,75.02
58150,74.53
58160,75.6
58170,74.72
58180,74.86
58190,74.02
58200,72.77
58210,75.14
58220,74.1
58230,72.06
58240,71.94
58250,70.65
58260,70.23
58270,67.87
58280,70.36
58290,70.61
58300,72.47
58310,76
58320,77.22
58330,78.02
58340,76.87
58350,80.07
58360,79.26
58370,77.63
58380,81.27
58390,81.98
58400,83
58410,83.41
58420,83.64
58430,82.04
58440,81.72
58450,82.36
58460,82.6
58470,80.84
58480,79.59
58490,80.24
58500,77.56
58510,77.06
58520,74.44
58530,75.78
58540,77.28
58550,70.33
58560,77.58
58570,72.76
58580,75.42
58590,78.2
58600,68.77
58610,67.03
58620,63.1
58630,7.3
58640,4.27
58650,3.6
58660,83.76
58670,42.78
58680,46.69
58690,59.77
58700,63.79
58710,65.36
58720,67.75
58730,66.03
58740,68.44
58750,70.24
58760,70.46
58770,72.62
58780,71.3
58790,72.39
58800,72.17
58810,70.62
58820,71.24
58830,68.61
58840,70.21
58850,71.6
58860,70.81
58870,72.78
58880,82.95
58890,74.85
58900,74.19
58910,74.34
58920,71.2
58930,72.75
58940,55.61
58950,83.72
58960,73.85
58970,70.74
58980,70.76
58990,66.63
59000,69.86
59010,66.13
59020,72.39
59030,68.72
59040,69.08
59050,60.08
59060,67.08
59070,84.82
59080,76.04
59090,73.59
59100,72.47
59110,75.89
59120,70.95
59130,76.66
59140,72.31
59150,69.06
59160,43.76
59170,66.92
59180,75.69
59190,70.36
59200,60.05
59210,73.17
59220,66.34
59230,85.45
59240,74.62
59250,73.51
59260,82.65
59270,35.44
59280,74.38
59290,84.73
59300,31.14
59310,82.7
59320,80.17
59330,37.09
59340,71.36
59350,71.76
59360,79.71
59370,74.47
59380,53.43
59390,84.55
59400,72.96
59410,72.42
59420,72.95
59430,69.22
59440,75.13
59450,72.55
59460,65.32
59470,81.44
59480,57.3
59490,62.02
59500,82.1
59510,31.83
59520,68.66
59530,74.18
59540,21.5
59550,80.36
59560,57.03
59570,71.42
59580,63.51
59590,27
59600,68.84
59610,64.29
59620,80.01
59630,62.97
59640,62.75
59650,65.06
59660,68.65
59670,48.54
59680,57.78
59690,66.7
59700,76.59
59710,54.94
59720,62.47
59730,71.08
59740,70.19
59750,58.87
59760,70.86
59770,63.22
59780,9.88
59790,1.89
59800,1.25
59810,0.44
59820,2.04
59830,0.44
59840,6.52
59850,0.44
59860,2.06
59870,0.45
59880,0.44
59890,0.89
59900,0.44
59910,0.44
59920,0.44
59930,0.44
59940,0.44
59950,0.44
59960,4.89
59970,0.44
59980,0.44
59990,0.44
60000,1.71
60010,2.44
60020,0.44
60030,0.44
60040,0.56
60050,0.44
60060,0.44
60070,0.44
60080,0.44
60090,0.44
60100,0.44
60110,0.44
60120,0.88
60130,0.44
60140,1.61
60150,0.44
60160,3.2
60170,0.44
60180,0.56
60190,0.45
60200,6.82
60210,0.56
60220,1.81
60230,0.44
60240,6.52
60250,6.52
60260,95.96
60270,90.62
60280,85.44
60290,81.14
60300,77.66
60310,76.86
60320,80.31
60330,81.32
60340,93.66
60350,96.45
60360,95.41
60370,43.66
60380,0.44
60390,0.44
60400,0.44
60410,0.44
60420,0.44
60430,0.44
60440,6.71
60450,0.44
60460,0.44
60470,0.45
60480,0.44
60490,0.44
60500,0.44
60510,0.44
60520,0.44
60530,0.44
60540,0.45
60550,0.44
60560,0.63
60570,0.44
60580,0.44
60590,0.44
60600,3.25
60610,1.25
60620,0.44
60630,6.52
60640,0.44
60650,1.64
60660,0.54
60670,3.38
60680,0.44
60690,0.44
60700,0.44
60710,6.71
60720,0.44
60730,0.44
60740,1.66
60750,0.44
60760,2.64
60770,0.56
60780,0.44
60790,0.44
60800,6.52
60810,0.44
60820,3.25
60830,0.44
60840,96.89
60850,91.35
60860,89.89
60870,86.69
60880,84.53
60890,84.79
60900,79.99
60910,77.91
60920,75.04
60930,57.21
60940,22.59
60950,11.52
60960,2.7
60970,5.24
60980,0.55
60990,1.9
61000,1.64
61010,0.83
61020,2.52
61030,1.36
61040,7.95
61050,2.96
61060,6.31
61070,47.88
61080,73.17
61090,78.39
61100,67.59
61110,49.38
61120,58.19
61130,24.02
61140,16.01
61150,19.65
61160,54.71
61170,70.4
61180,70.86
61190,69.56
61200,77.04
61210,76.28
61220,71.49
61230,76.31
61240,79.55
61250,68.54
61260,65.52
61270,66.21
61280,67.95
61290,1.45
61300,18.64
61310,6.24
61320,1.6
61330,4.53
61340,13.87
61350,56.32
61360,78.56
61370,82.19
61380,87.91
61390,86.68
61400,91.44
61410,87.6
61420,84.63
61430,83.91
61440,77.94
61450,66.66
61460,67.58
61470,9.54
61480,22.41
61490,9.08
61500,6.48
61510,7.76
61520,17.83
61530,71.06
61540,81.14
61550,78.31
61560,80.95
61570,79.5
61580,75.42
61590,58.61
61600,6.44
61610,2.18
61620,5.09
61630,0.95
61640,0.44
61650,1.04
61660,0.44
61670,0.44
61680,1.64
61690,0.44
61700,8.16
61710,0.44
61720,0.44
61730,0.44
61740,1.66
61750,0.44
61760,1.2
61770,0.56
61780,0.44
61790,0.44
61800,0.88
61810,0.44
61820,0.44
61830,0.44
61840,0.44
61850,0.44
61860,1.22
61870,3.81
61880,0.45
61890,6.71
61900,2.44
61910,0.44
61920,1.89
61930,0.44
61940,0.44
61950,0.44
61960,0.88
61970,1.84
61980,1.04
61990,9.8
62000,0.44
62010,0.61
62020,0.44
62030,0.44
62040,0.44
62050,1.64
62060,0.67
62070,0.44
62080,0.44
62090,2.44
62100,0.44
62110,0.44
62120,0.44
62130,1.64
62140,0.44
62150,0.44
62160,0.44
62170,1.13
62180,1.64
62190,0.44
62200,3.46
62210,0.44
62220,0.44
62230,0.44
62240,0.44
62250,1.64
62260,0.67
62270,0.44
62280,3.25
62290,0.44
62300,0.44
62310,2.11
62320,1.68
62330,1.64
62340,1.81
62350,0.44
62360,0.44
62370,0.44
62380,0.44
62390,0.44
62400,0.88
62410,0.44
62420,6.87
62430,2.21
62440,0.44
62450,6.57
62460,0.44
62470,0.44
62480,1.84
62490,0.56
62500,0.44
62510,0.44
62520,0.44
62530,1.72
62540,0.44
62550,0.44
62560,3.25
62570,1.3
62580,0.44
62590,8.29
62600,0.44
62610,0.44
62620,6.52
62630,3.25
62640,0.45
62650,0.44
62660,0.56
62670,0.44
62680,3.38
62690,0.44
62700,2.72
62710,2.06
62720,3.25
62730,0.44
62740,2.54
62750,0.44
62760,6.82
62770,1.25
62780,0.44
62790,0.75
62800,0.9
62810,0.44
62820,0.44
62830,2.26
62840,0.44
62850,6.72
62860,3.25
62870,0.44
62880,0.44
62890,0.44
62900,96.5
62910,85.83
62920,80.55
62930,76.13
62940,72.19
62950,69.9
62960,70.44
62970,74.48
62980,78.48
62990,75.16
63000,77.04
63010,78.74
63020,90.18
63030,85.53
63040,82.34
63050,81.47
63060,78.99
63070,76.97
63080,73.9
63090,73.08
63100,70.1
63110,74.59
63120,72.43
63130,74.5
63140,76.73
63150,82.37
63160,80.76
63170,77.46
63180,75.31
63190,74.38
63200,73.67
63210,72.8
63220,72.95
63230,70.79
63240,71.88
63250,70.55
63260,68.9
63270,72.53
63280,75.12
63290,71.37
63300,66.8
63310,67.81
63320,57.02
63330,26.55
63340,9.03
63350,1.4
63360,2.58
63370,0.44
63380,4
63390,2.42
63400,8.57
63410,0.44
63420,2.13
63430,52.5
63440,84
63450,79.22
63460,72.55
63470,72.57
63480,71.52
63490,68.85
63500,57.31
63510,39.13
63520,14.02
63530,7.82
63540,5.23
63550,6.37
63560,4.05
63570,6.19
63580,7.62
63590,8.79
63600,29.32
63610,67.9
63620,76.24
63630,79.41
63640,77.64
63650,78.34
63660,79.84
63670,80.84
63680,76.82
63690,78.32
63700,78.32
63710,79.5
63720,75.04
63730,77.36
63740,76.53
63750,78.07
63760,77.99
63770,78.58
63780,79.44
63790,86.71
63800,82.44
63810,82.45
63820,78.87
63830,78.19
63840,76.36
63850,71.96
63860,67.64
63870,61.97
63880,58.64
63890,61.93
63900,67.7
63910,58.77
63920,60.24
63930,64.51
63940,66.2
63950,65.94
63960,67.62
63970,68.73
63980,68.17
63990,67.82
64000,66.06
64010,61.03
64020,51.98
64030,32.36
64040,18.35
64050,17.93
64060,21.06
64070,25.19
64080,36.58
64090,50.52
64100,59.03
64110,68.24
64120,71.84
64130,73.39
64140,73.38
64150,71.89
64160,72.64
64170,72.93
64180,72.48
64190,71.61
64200,69.36
64210,72.24
64220,75.2
64230,75.26
64240,76.48
64250,77.15
64260,77.34
64270,88.58
64280,73.78
64290,5.9
64300,75.52
64310,68.37
64320,66.17
64330,61.31
64340,59.36
64350,48.68
64360,32.67
64370,44.16
64380,36.86
64390,49.43
64400,62.37
64410,66.92
64420,64.46
64430,70.71
64440,72.34
64450,64.71
64460,76.81
64470,79.72
64480,77.14
64490,76.5
64500,75.23
64510,72.96
64520,84.14
64530,73.13
64540,39.07
64550,71.63
64560,69.57
64570,77.66
64580,61.01
64590,69.94
64600,66.48
64610,68.48
64620,68.49
64630,70.82
64640,65.05
64650,57.39
64660,61.61
64670,58.34
64680,59.75
64690,57.31
64700,63.86
64710,57.26
64720,45.95
64730,56.77
64740,37.24
64750,71.88
64760,75.84
64770,82.18
64780,73.35
64790,78.71
64800,70.9
64810,71.14
64820,66.04
64830,58.8
64840,63.63
64850,61.94
64860,54.79
64870,56.95
64880,57.58
64890,57.77
64900,63.45
64910,68.67
64920,76.85
64930,68.83
64940,70.15
64950,71.34
64960,62.76
64970,61.23
64980,14.84
64990,6.66
65000,6.13
65010,4.08
65020,8.31
65030,3.35
65040,6.24
65050,7
65060,6.69
65070,8.64
65080,10.54
65090,13.94
65100,48.04
65110,54.52
65120,70.95
65130,76.57
65140,77.25
65150,76.49
65160,38.95
65170,58.62
65180,62.91
65190,65.88
65200,64.53
65210,68.63
65220,75.4
65230,76.23
65240,77.68
65250,86.41
65260,82.72
65270,91.6
65280,84.14
65290,80.42
65300,80.02
65310,78.5
65320,75.23
65330,71.7
65340,72.16
65350,71.35
65360,65.98
65370,61.37
65380,54.68
65390,55.03
65400,56.34
65410,63.92
65420,67.58
65430,66.92
65440,68.55
65450,89.99
65460,63.93
65470,62.52
65480,61.37
65490,56.91
65500,60.04
65510,56.59
65520,54.32
65530,46.03
65540,53.62
65550,56
65560,67.59
65570,67.6
65580,70.76
65590,77.74
65600,75.76
65610,72.48
65620,61.86
65630,0.44
65640,3.66
65650,6.83
65660,0.44
65670,0.44
65680,0.44
65690,0.44
65700,0.44
65710,0.56
65720,6.52
65730,0.44
65740,90.66
65750,70.08
65760,73
65770,74.51
65780,77.15
65790,75.22
65800,72.41
65810,71.8
65820,81.8
65830,67.76
65840,57.96
65850,65.59
65860,42.9
65870,50.8
65880,47.49
65890,53.26
65900,55.99
65910,22.1
65920,25
65930,33.71
65940,40.86
65950,40.6
65960,22.08
65970,13.33
65980,10.56
65990,0.46
66000,0.44
66010,0.44
66020,0.44
66030,0.44
66040,0.44
66050,0.44
66060,0.44
66070,0.44
66080,59.68
66090,73.2
66100,73.61
66110,77.98
66120,74.43
66130,72.56
66140,68.48
66150,56.14
66160,53.2
66170,44.65
66180,36.97
66190,42.16
66200,56.28
66210,54.35
66220,67.67
66230,73.47
66240,67.05
66250,67.23
66260,81.69
66270,37.94
66280,72.38
66290,63.34
66300,69.64
66310,63.95
66320,0.44
66330,0.44
66340,1.17
66350,0.44
66360,13.51
66370,1.64
66380,70.68
66390,67.94
66400,72.38
66410,75.27
66420,77.9
66430,77.38
66440,76.99
66450,75.5
66460,70.88
66470,67.53
66480,21.66
66490,53.21
66500,11.68
66510,41
66520,42.66
66530,60.88
66540,71.24
66550,68.61
66560,70.55
66570,71.61
66580,71.1
66590,71.02
66600,73.31
66610,68.88
66620,67.43
66630,69.86
66640,69.12
66650,56.35
66660,28.21
66670,67.56
66680,72.05
66690,73.89
66700,74.32
66710,77.48
66720,83.15
66730,79.69
66740,77.49
66750,77.67
66760,76.88
66770,76.93
66780,76.18
66790,76.11
66800,73.33
66810,72.83
66820,69.87
66830,70.48
66840,69.23
66850,64.7
66860,76.24
66870,81.66
66880,79.58
66890,78.58
66900,76.74
66910,77.01
66920,77.98
66930,77.4
66940,77.15
66950,77.96
66960,78.33
66970,77.71
66980,77.2
66990,76.72
67000,77.64
67010,87.96
67020,78.73
67030,78.88
67040,81.34
67050,81.76
67060,82.39
67070,81.88
67080,82.72
67090,80.19
67100,77.11
67110,81.63
67120,73.46
67130,70.31
67140,73.18
67150,69.03
67160,69.44
67170,70.44
67180,75.47
67190,74.3
67200,78.06
67210,74.99
67220,78.57
67230,82.85
67240,75.58
67250,72.09
67260,73.83
67270,64.86
67280,66.8
67290,48.99
67300,61.61
67310,39.44
67320,30.3
67330,27.96
67340,14.55
67350,9.42
67360,9.07
67370,6.62
67380,13.55
67390,18.37
67400,6.96
67410,7.61
67420,4.73
67430,8.42
67440,3.17
67450,3.2
67460,2.6
67470,2.16
67480,2.35
67490,4.37
67500,3.25
67510,0.58
67520,0.44
67530,0.44
67540,80.34
67550,78.32
67560,79.92
67570,80.85
67580,80.75
67590,79.8
67600,79.53
67610,78.47
67620,77.61
67630,78.45
67640,75.98
67650,74.74
67660,75.53
67670,77.64
67680,76.47
67690,77.42
67700,76.84
67710,76.09
67720,76.19
67730,73.79
67740,73.17
67750,68.57
67760,59.54
67770,44.61
67780,30.48
67790,23.02
67800,18.02
67810,13.85
67820,36.37
67830,56.12
67840,65.22
67850,70.5
67860,70.04
67870,67.12
67880,70.34
67890,68.57
67900,73.05
67910,76.09
67920,70.64
67930,70.47
67940,77.57
67950,71.05
67960,60.31
67970,62.6
67980,70.72
67990,73.71
68000,61.05
68010,38.43
68020,12.64
68030,8.45
68040,3.54
68050,4.44
68060,1.85
68070,3.5
68080,2.13
68090,3.19
68100,4.72
68110,1.73
68120,17.27
68130,1.24
68140,6.46
68150,4.03
68160,84.34
68170,17.67
68180,61.42
68190,75.08
68200,83.56
68210,77.77
68220,77.18
68230,77.5
68240,79.68
68250,79.03
68260,77.08
68270,73.23
68280,73.01
68290,67.8
68300,70.06
68310,69.34
68320,78.74
68330,69.89
68340,72.67
68350,83.59
68360,83.33
68370,66.41
68380,65.05
68390,65.4
68400,4.75
68410,0.44
68420,0.44
68430,0.44
68440,5.23
68450,0.44
68460,0.44
68470,0.44
68480,69.34
68490,72.44
68500,74.9
68510,81.56
68520,77.65
68530,76.44
68540,80.98
68550,81.75
68560,78.05
68570,75.43
68580,73.42
68590,67.15
68600,68.85
68610,69.43
68620,70.46
68630,71.48
68640,62.22
68650,66.69
68660,66.52
68670,69.27
68680,72.52
68690,72.18
68700,72.56
68710,69.8
68720,67.83
68730,61.86
68740,56.31
68750,35.21
68760,27.15
68770,26.42
68780,63.08
68790,70.73
68800,74.23
68810,82.37
68820,79.36
68830,79.19
68840,77.59
68850,79.25
68860,80.57
68870,80.84
68880,80.53
68890,79.99
68900,73.98
68910,75.42
68920,71.98
68930,69.21
68940,72.09
68950,67.35
68960,40.25
68970,12.99
68980,22.8
68990,11.24
69000,7.92
69010,10.73
69020,39.38
69030,55.79
69040,75.51
69050,80.69
69060,78.77
69070,65.39
69080,68.94
69090,72.43
69100,72.62
69110,74.18
69120,79.5
69130,81.99
69140,82.48
69150,85.95
69160,83.36
69170,81.97
69180,81.58
69190,80.54
69200,80.6
69210,76.6
69220,76.19
69230,72.97
69240,74.32
69250,68.25
69260,69.01
69270,66.73
69280,29.08
69290,58.31
69300,73.29
69310,72.85
69320,74.2
69330,77.67
69340,71.48
69350,70.04
69360,68.36
69370,70.1
69380,71.3
69390,61.47
69400,60.9
69410,55.74
69420,58.35
69430,58.58
69440,65.09
69450,57.88
69460,67.63
69470,72.21
69480,75.26
69490,76.83
69500,78.79
69510,79.89
69520,78.58
69530,78.61
69540,80.21
69550,78.51
69560,79.08
69570,77.9
69580,78.83
69590,78.44
69600,79.38
69610,77.89
69620,78.87
69630,79.38
69640,79.7
69650,76.95
69660,75.9
69670,79.56
69680,80.35
69690,77.93
69700,70.76
69710,63.93
69720,67.27
69730,61.6
69740,7.62
69750,2.17
69760,8.23
69770,60.02
69780,72.47
69790,75.58
69800,72.81
69810,67.84
69820,72.43
69830,78.94
69840,75.53
69850,71.94
69860,69.85
69870,69.65
69880,68.24
69890,65.3
69900,68.8
69910,45.41
69920,43.67
69930,51.8
69940,52.12
69950,62.68
69960,73.12
69970,70.29
69980,76.88
69990,71.3
70000,72.66
70010,86.95
70020,70.99
70030,62.88
70040,44.94
70050,65.03
70060,66.91
70070,63.03
70080,64.77
70090,65.61
70100,70.39
70110,0.44
70120,74.16
70130,67.69
70140,70.76
70150,78.13
70160,63.66
70170,82.83
70180,80.51
70190,77.39
70200,77.37
70210,74.96
70220,74.97
70230,74.18
70240,73.9
70250,74.16
70260,74.51
70270,79.37
70280,75.9
70290,70.77
70300,74.76
70310,72.54
70320,71.54
70330,78.38
70340,73.58
70350,75.3
70360,67.59
70370,69.34
70380,66.18
70390,65.32
70400,67.9
70410,63.66
70420,56.26
70430,82.34
70440,73.44
70450,63.32
70460,28.71
70470,63.77
70480,76.13
70490,72.25
70500,72.28
70510,67.87
70520,76.22
70530,72.5
70540,66.4
70550,66.8
70560,67.57
70570,54.33
70580,64.36
70590,43
70600,56.14
70610,65.25
70620,72.91
70630,72.84
70640,70.68
70650,69.33
70660,85.53
70670,73.79
70680,68.56
70690,61.83
70700,65.84
70710,67.2
70720,70.11
70730,71.33
70740,72.99
70750,75.41
70760,75.77
70770,74.71
70780,78.42
70790,57.78
70800,63.36
70810,69.99
70820,73.63
70830,72.36
70840,69.92
70850,72.19
70860,66.9
70870,63.88
70880,74.04
70890,60.39
70900,22.09
70910,66.86
70920,77.14
70930,75.64
70940,73.35
70950,80.22
70960,75.68
70970,73.56
70980,7.34
70990,5.58
71000,6.02
71010,7.98
71020,2.68
71030,4.62
71040,2.07
71050,7.71
71060,5.53
71070,17.97
71080,7.18
71090,14.38
71100,24.42
71110,65.34
71120,68.34
71130,71.94
71140,71.51
71150,73.53
71160,71.79
71170,67.95
71180,68.64
71190,50.81
71200,74.97
71210,43.11
71220,75.15
71230,51.45
71240,68.53
71250,73.27
71260,81.23
71270,77.85
71280,77.93
71290,77.55
71300,77.52
71310,79.47
71320,74.48
71330,74.88
71340,73.45
71350,73.68
71360,69.44
71370,70.85
71380,69.81
71390,60.05
71400,67.62
71410,72.93
71420,67.36
71430,64.87
71440,70.34
71450,67.72
71460,64.99
71470,65.49
71480,90.28
71490,69.66
71500,25.07
71510,63.45
71520,56.35
71530,37.04
71540,56.19
71550,45.22
71560,63.5
71570,66.86
71580,73.82
71590,75.89
71600,81.76
71610,81.22
71620,80.7
71630,79.95
71640,79.57
71650,78.54
71660,77
71670,75.44
71680,74.67
71690,74.1
71700,63.92
71710,67.1
71720,69.97
71730,67.79
71740,72.34
71750,72.07
71760,70.13
71770,74.32
71780,73.59
71790,70.48
71800,69.86
71810,70.56
71820,68.45
71830,63.72
71840,59.95
71850,65.7
71860,67.76
71870,69.29
71880,70.64
71890,70.31
71900,73.93
71910,73.44
71920,75.34
71930,82.4
71940,81.05
71950,78.36
71960,77.49
71970,75.02
71980,70.99
71990,54.7
72000,71.79
72010,76.53
72020,75.67
72030,73.67
72040,76.42
72050,77.41
72060,77
72070,74.11
72080,76.66
72090,78.36
72100,78.56
72110,77.83
72120,77.23
72130,77.13
72140,77.48
72150,66.43
72160,10.52
72170,6.49
72180,4.12
72190,3.77
72200,7.08
72210,12.47
72220,7.12
72230,10.54
72240,66
72250,81.01
72260,79.66
72270,72.72
72280,71.09
72290,74.58
72300,73.89
72310,73.9
72320,72.5
72330,75.47
72340,75.13
72350,72.28
72360,74.43
72370,74.81
72380,73.95
72390,74.31
72400,75.23
72410,76.06
72420,78.81
72430,78.75
72440,80.57
72450,77.04
72460,74.95
72470,74.16
72480,70.98
72490,64.7
72500,72.4
72510,69.87
72520,68.39
72530,62.16
72540,73.84
72550,76.55
72560,77.46
72570,76.97
72580,78.11
72590,76.39
72600,74.56
72610,73.85
72620,75.1
72630,74.15
72640,75.19
72650,75.23
72660,76.66
72670,76.29
72680,72.52
72690,70.32
72700,70.91
72710,60.76
72720,73.74
72730,70.84
72740,70.75
72750,70.09
72760,69.35
72770,67.3
72780,63.22
72790,54.14
72800,67.46
72810,1.66
72820,82.65
72830,70.46
72840,73.11
72850,60.99
72860,36.48
72870,74.98
72880,75.18
72890,85.64
72900,80.2
72910,78.14
72920,77.4
72930,77.65
72940,73.62
72950,73.77
72960,54.49
72970,63.42
72980,60.7
72990,68.37
73000,50.86
73010,66.26
73020,36.82
73030,70.26
73040,66.6
73050,73.32
73060,71.75
73070,65.94
73080,72.91
73090,68.47
73100,69.69
73110,64.89
73120,66.38
73130,54.62
73140,31.32
73150,35.54
73160,39.16
73170,49.47
73180,60.82
73190,69.55
73200,75.37
73210,73.29
73220,71.99
73230,83.48
73240,77.37
73250,72.48
73260,54.11
73270,70.26
73280,67.05
73290,75.39
73300,72.88
73310,72.37
73320,69.61
73330,70.92
73340,74.77
73350,47.33
73360,56.06
73370,61.51
73380,78.08
73390,68.52
73400,83.15
73410,74.27
73420,65.84
73430,84.13
73440,0.44
73450,6.52
73460,0.44
73470,4.89
73480,70.58
73490,71.46
73500,75.76
73510,76.28
73520,77.88
73530,75.68
73540,82.29
73550,82.22
73560,80.72
73570,80.5
73580,82.63
73590,78.61
73600,79.14
73610,77.47
73620,78.39
73630,75.77
73640,73.61
73650,74.73
73660,76.67
73670,76.91
73680,74.54
73690,78.91
73700,76.11
73710,69.24
73720,66.74
73730,62.98
73740,65.12
73750,62.57
73760,52.17
73770,65.64
73780,85.8
73790,42.94
73800,58.47
73810,65.67
73820,0.45
73830,1.64
73840,86.78
73850,72.25
73860,75.72
73870,76.53
73880,75.03
73890,76
73900,73.16
73910,71.69
73920,71.21
73930,73.13
73940,0.44
73950,70.51
73960,64.78
73970,26.31
73980,68.92
73990,73.17
74000,76.24
74010,77.47
74020,77.21
74030,76.69
74040,75.07
74050,75.75
74060,72.77
74070,73.97
74080,63.4
74090,73.13
74100,40.51
74110,0.44
74120,0.44
74130,2.89
74140,0.44
74150,0.44
74160,1.81
74170,0.44
74180,4.9
74190,79.52
74200,78.2
74210,75.23
74220,81.48
74230,81.62
74240,74.12
74250,73.04
74260,71.06
74270,64.36
74280,69.38
74290,73.19
74300,75.55
74310,73.32
74320,71.86
74330,76.75
74340,76.43
74350,80.55
74360,80.94
74370,79.21
74380,78.51
74390,79.06
74400,77.96
74410,77.69
74420,77.01
74430,72.89
74440,76.09
74450,73.07
74460,48.18
74470,75.24
74480,61.65
74490,72.85
74500,75.54
74510,60.81
74520,66.77
74530,73.17
74540,72.87
74550,73.29
74560,67.97
74570,66.93
74580,62.83
74590,64.88
74600,63.79
74610,61.67
74620,67.23
74630,66.97
74640,66.86
74650,68.51
74660,68.68
74670,71.87
74680,72.48
74690,74.07
74700,80.11
74710,77.43
74720,73.77
74730,73.86
74740,72.05
74750,72.13
74760,72.97
74770,73.29
74780,75.5
74790,75.63
74800,73.8
74810,73.53
74820,73.12
74830,71.2
74840,77.93
74850,74.07
74860,74.2
74870,70.02
74880,71.02
74890,43.97
74900,46.48
74910,53.53
74920,42.32
74930,58.58
74940,0.44
74950,0.44
74960,0.44
74970,0.56
74980,2.06
74990,0.44
75000,75.6
75010,81.05
75020,83.88
75030,80.04
75040,77.87
75050,76.29
75060,78
75070,76.74
75080,74.45
75090,75.03
75100,83.31
75110,77.46
75120,78.8
75130,74.12
75140,76.61
75150,78.27
75160,74.65
75170,9.95
75180,7.76
75190,3.03
75200,6
75210,1.96
75220,0.44
75230,0.44
75240,0.44
75250,12.76
75260,78.59
75270,79.12
75280,75.84
75290,78.27
75300,78.54
75310,81.39
75320,79.8
75330,80.7
75340,78.44
75350,78.55
75360,77.32
75370,76.62
75380,72.72
75390,72.8
75400,73.5
75410,73.98
75420,73.83
75430,73.74
75440,26.48
75450,3.25
75460,0.44
75470,0.44
75480,0.44
75490,0.44
75500,0.44
75510,82.07
75520,85.43
75530,79.24
75540,77.42
75550,73.59
75560,74.01
75570,87.12
75580,74.42
75590,74.14
75600,85.13
75610,2.44
75620,6.53
75630,0.44
75640,0.44
75650,0.44
75660,74.19
75670,76.9
75680,77.08
75690,78.17
75700,76.61
75710,71.6
75720,72.52
75730,67.15
75740,66.61
75750,66.41
75760,60.93
75770,60.6
75780,53.44
75790,24.82
75800,63.95
75810,65.89
75820,67.27
75830,77.09
75840,71.87
75850,68.34
75860,63.62
75870,68.16
75880,70.07
75890,68.59
75900,74.07
75910,76.08
75920,76.7
75930,76.13
75940,76.51
75950,78.35
75960,81.45
75970,81.55
75980,68.91
75990,81.3
76000,78.76
76010,77.98
76020,77.38
76030,71.88
76040,76.27
76050,72.09
76060,74.32
76070,7.39
76080,3.28
76090,11.03
76100,7.04
76110,2.85
76120,0.44
76130,2.01
76140,0.44
76150,80.59
76160,80.63
76170,84.01
76180,78.19
76190,74.02
76200,74.46
76210,59.71
76220,11.91
76230,24.5
76240,69.91
76250,75.79
76260,80.27
76270,77.81
76280,77.27
76290,78.4
76300,78.59
76310,77.55
76320,56.87
76330,80.3
76340,77.78
76350,76.74
76360,77.23
76370,61.94
76380,80.23
76390,75.38
76400,77.56
76410,75.33
76420,75.19
76430,69.42
76440,71.7
76450,73.8
76460,86.87
76470,76.61
76480,72.98
76490,73.91
76500,73.08
76510,75.73
76520,72.05
76530,82.99
76540,76.3
76550,37.89
76560,71.24
76570,62.22
76580,67.63
76590,14.19
76600,80.61
76610,77.62
76620,70.91
76630,76.33
76640,73.7
76650,70.64
76660,81.89
76670,79.67
76680,6.29
76690,56.38
76700,70.12
76710,37.89
76720,58.7
76730,68.79
76740,68.79
76750,62.3
76760,70.63
76770,72.21
76780,69.25
76790,57.16
76800,59.2
76810,72.57
76820,75.46
76830,77.12
76840,70.41
76850,72.97
76860,70.03
76870,62.74
76880,74.46
76890,61.68
76900,68.94
76910,73.73
76920,60.72
76930,67
76940,74.71
76950,77.18
76960,71.88
76970,66.11
76980,86.58
76990,68.26
77000,67.35
77010,83.77
77020,1.64
77030,0.44
77040,4.89
77050,0.44
77060,0.44
77070,1.66
77080,0.44
77090,1.18
77100,6.81
77110,0.44
77120,0.44
77130,0.44
77140,0.44
77150,0.44
77160,0.44
77170,0.44
77180,0.44
77190,0.44
77200,3.65
77210,0.44
77220,0.44
77230,6.73
77240,0.44
77250,1.04
77260,0.44
77270,0.44
77280,0.44
77290,0.44
77300,74.57
77310,85.48
77320,94.42
77330,96.33
77340,95.06
77350,87.55
77360,83.15
77370,79.54
77380,79.21
77390,79.88
77400,79.49
77410,79.5
77420,91.16
77430,80.75
77440,22.68
77450,35.06
77460,74.24
77470,65.18
77480,42.34
77490,32.26
77500,13.64
77510,0.44
77520,0.44
77530,0.45
77540,0.44
77550,0.44
77560,0.44
77570,0.44
77580,0.44
77590,0.44
77600,1.64
77610,0.44
77620,0.44
77630,0.44
77640,6.57
77650,0.44
77660,0.44
77670,2.04
77680,0.44
77690,85.82
77700,81.89
77710,81.63
77720,80.43
77730,74.74
77740,59.76
77750,9.6
77760,1.25
77770,0.73
77780,6.52
77790,0.44
77800,0.44
77810,0.44
77820,0.44
77830,0.44
77840,1.32
77850,0.92
77860,0.44
77870,0.44
77880,1.64
77890,0.44
77900,0.44
77910,0.44
77920,0.44
77930,6.73
77940,0.49
77950,0.44
77960,0.44
77970,13.09
77980,0.44
77990,0.56
78000,0.44
78010,93.81
78020,94.82
78030,95.05
78040,85.27
78050,82.38
78060,81.42
78070,89.09
78080,82.97
78090,82.96
78100,82.71
78110,83.91
78120,81.89
78130,81.2
78140,80.4
78150,60.36
78160,67.69
78170,51.09
78180,45.74
78190,38.95
78200,0.44
78210,0.44
78220,0.44
78230,0.44
78240,0.44
78250,0.44
78260,1.66
78270,0.44
78280,74.56
78290,83.61
78300,76.57
78310,79.19
78320,77.06
78330,72.96
78340,71.91
78350,72.35
78360,75.43
78370,70.27
78380,71.27
78390,74.48
78400,74.49
78410,71.42
78420,84.17
78430,67.74
78440,64.58
78450,17.02
78460,4.54
78470,0.44
78480,0.44
78490,0.56
78500,0.44
78510,6.52
78520,0.56
78530,0.44
78540,4.89
78550,0.44
78560,3.18
78570,0.44
78580,0.44
78590,0.44
78600,0.44
78610,0.44
78620,0.44
78630,0.56
78640,0.44
78650,0.44
78660,0.56
78670,0.44
78680,0.44
78690,0.44
78700,0.44
78710,0.44
78720,65.36
78730,93.43
78740,96.46
78750,95.99
78760,96.09
78770,86.42
78780,81.54
78790,74.51
78800,61.47
78810,28.76
78820,8.61
78830,5.06
78840,16.1
78850,10.95
78860,11.84
78870,7.63
78880,5.55
78890,9.86
78900,7.84
78910,6.97
78920,35.04
78930,76.46
78940,76.64
78950,73.67
78960,33.77
78970,2.29
78980,0.44
78990,0.44
79000,0.44
79010,0.44
79020,2.04
79030,0.73
79040,3.25
79050,1.42
79060,0.45
79070,0.44
79080,0.44
79090,0.44
79100,0.44
79110,0.49
79120,0.44
79130,0.44
79140,0.48
79150,6.52
79160,0.44
79170,0.44
79180,2.91
79190,0.44
79200,55.47
79210,85.63
79220,72.86
79230,77.31
79240,79.89
79250,81.8
79260,85.67
79270,87.09
79280,84.17
79290,85.3
79300,84.36
79310,82.21
79320,80.29
79330,78.85
79340,79.27
79350,79.1
79360,76.03
79370,75.36
79380,68.06
79390,70.65
79400,70.68
79410,67.54
79420,49.52
79430,61.86
79440,43.88
79450,51.55
79460,27.36
79470,31.12
79480,8.95
79490,10.06
79500,17.16
79510,14.05
79520,9.64
79530,29.83
79540,61.85
79550,71.15
79560,51.11
79570,89.29
79580,62.52
79590,63.73
79600,64.08
79610,63.96
79620,52.59
79630,63.25
79640,63.72
79650,64.8
79660,56.07
79670,69.93
79680,72.24
79690,72.37
79700,72.55
79710,72.44
79720,75.24
79730,74.98
79740,73.54
79750,73.95
79760,71.64
79770,75.55
79780,80.95
79790,75.33
79800,74.04
79810,67.52
79820,73.07
79830,79.66
79840,70.52
79850,68.16
79860,67.65
79870,28.53
79880,68.99
79890,70.95
79900,63.51
79910,50.53
79920,70.07
79930,51.47
79940,69.46
79950,63.02
79960,74.19
79970,33.35
79980,59.46
79990,48.98
80000,66.24
80010,80.21
80020,79.31
80030,63.9
80040,42.52
80050,63.85
80060,73.57
80070,72.08
80080,0.44
80090,0.56
80100,0.44
80110,72.08
80120,76.29
80130,78.47
80140,77.52
80150,76.67
80160,77.56
80170,76.23
80180,77.05
80190,73.88
80200,74.76
80210,74.13
80220,68.51
80230,70.3
80240,66.87
80250,63.78
80260,68.58
80270,71.54
80280,74.35
80290,74.33
80300,72.74
80310,70.94
80320,70.87
80330,70.96
80340,71.74
80350,72.22
80360,72.81
80370,72.23
80380,73.46
80390,72.56
80400,72.16
80410,75.38
80420,74.7
80430,74.89
80440,77.84
80450,79.35
80460,74.33
80470,75.7
80480,77.95
80490,76.72
80500,76.05
80510,76.97
80520,80.31
80530,86.82
80540,78.38
80550,74.73
80560,72.19
80570,71.76
80580,70.17
80590,72.13
80600,72.55
80610,67.24
80620,56.22
80630,67.72
80640,73.41
80650,85.54
80660,75.16
80670,85.18
80680,76.16
80690,83.68
80700,77.43
80710,73.89
80720,72.85
80730,71.04
80740,85.05
80750,76.05
80760,74.52
80770,75.89
80780,7.4
80790,68.03
80800,71.99
80810,72.73
80820,71.35
80830,72
80840,39.82
80850,57.94
80860,42.97
80870,61.28
80880,77.83
80890,32.14
80900,0.88
80910,73.17
80920,72.54
80930,29.73
80940,73.64
80950,72.46
80960,74.81
80970,0.44
80980,65
80990,61.55
81000,64.23
81010,68.58
81020,72.65
81030,73.48
81040,71.96
81050,71.45
81060,66.11
81070,68.24
81080,67.17
81090,70.59
81100,88.12
81110,72.85
81120,67.91
81130,77.19
81140,73.1
81150,64.35
81160,64.7
81170,49.61
81180,65.92
81190,73.66
81200,73.28
81210,71.96
81220,47.82
81230,40.62
81240,81.16
81250,45.45
81260,69.11
81270,73.87
81280,76.65
81290,75.28
81300,70.97
81310,82.05
81320,70.89
81330,76.48
81340,74.61
81350,77.26
81360,58.52
81370,73.29
81380,84.91
81390,76.51
81400,76.84
81410,53.65
81420,66.4
81430,78.45
81440,76.31
81450,73.27
81460,74.6
81470,78.09
81480,79.43
81490,77.18
81500,76.33
81510,72.58
81520,88.54
81530,77.47
81540,69.38
81550,70.34
81560,68.2
81570,65.53
81580,66.3
81590,65.47
81600,72.05
81610,65.58
81620,68.05
81630,70.64
81640,73.51
81650,73.69
81660,73.14
81670,74.34
81680,75.23
81690,75.65
81700,75.24
81710,82.79
81720,76.8
81730,72.12
81740,69.55
81750,67.77
81760,68.22
81770,62.09
81780,63.13
81790,67.11
81800,69.14
81810,0.44
81820,0.44
81830,1.92
81840,0.44
81850,0.79
81860,0.44
81870,0.44
81880,0.44
81890,0.44
81900,0.56
81910,87.22
81920,81.74
81930,84.69
81940,81.93
81950,77.88
81960,78.76
81970,78.63
81980,75.49
81990,81.77
82000,78.25
82010,76.05
82020,78.81
82030,73.56
82040,73.12
82050,72.31
82060,69.65
82070,70.51
82080,70.21
82090,71.48
82100,65.75
82110,70.78
82120,71.14
82130,72.16
82140,86.08
82150,75.88
82160,73.3
82170,71.45
82180,73.15
82190,70.46
82200,79.22
82210,75.6
82220,71.45
82230,70.73
82240,80.36
82250,76.39
82260,74.29
82270,69.86
82280,57.91
82290,70.65
82300,77.21
82310,73.39
82320,79.88
82330,73.51
82340,26.29
82350,72.79
82360,70.03
82370,6.5
82380,0.44
82390,22.59
82400,81.91
82410,73.08
82420,83.88
82430,76.29
82440,73.96
82450,84.25
82460,74
82470,72.14
82480,70.21
82490,43.61
82500,83.11
82510,68.93
82520,57.24
82530,76.02
82540,75.84
82550,73.96
82560,73.76
82570,72.36
82580,71.76
82590,71.48
82600,70.67
82610,66.29
82620,78.83
82630,76.51
82640,65.34
82650,64.2
82660,76
82670,72.95
82680,27.61
82690,70.8
82700,69.37
82710,75.29
82720,73.18
82730,44.59
82740,11.24
82750,83.27
82760,49.52
82770,24.12
82780,70.98
82790,63.18
82800,55.12
82810,87.71
82820,77.9
82830,71.74
82840,74.97
82850,57.46
82860,44.68
82870,70.72
82880,77.31
82890,81.75
82900,71.72
82910,22.49
82920,0.44
82930,85.25
82940,81.47
82950,46.17
82960,72.34
82970,84.28
82980,70.28
82990,49.1
83000,48.19
83010,67.48
83020,45.7
83030,67.44
83040,67.69
83050,16.33
83060,38.64
83070,82.73
83080,64.42
83090,42.5
83100,74.83
83110,73.81
83120,75.96
83130,73.06
83140,24.71
83150,44.5
83160,49.34
83170,82.01
83180,0.44
83190,70.51
83200,85.48
83210,63.15
83220,68.29
83230,62.83
83240,73.32
83250,75.66
83260,87.02
83270,62.13
83280,64.16
83290,48.67
83300,25.12
83310,15.22
83320,7.03
83330,2.58
83340,0.44
83350,0.44
83360,0.44
83370,0.44
83380,9.8
83390,0.44
83400,0.44
83410,0.44
83420,1.2
83430,0.44
83440,3.66
83450,0.44
83460,0.44
83470,0.44
83480,0.44
83490,0.44
83500,0.44
83510,2.44
83520,0.44
83530,89.72
83540,86.82
83550,82.7
83560,81.94
83570,79.91
83580,84.75
83590,89.16
83600,83.59
83610,81.13
83620,80.46
83630,78.65
83640,78.91
83650,80.02
83660,79.9
83670,80.34
83680,77.72
83690,75.44
83700,74.44
83710,69.85
83720,73.84
83730,73.72
83740,71.4
83750,72.69
83760,73.31
83770,73.4
83780,65.38
83790,42.14
83800,50.75
83810,65.18
83820,70.17
83830,71.64
83840,70.63
83850,70.7
83860,63.74
83870,64.4
83880,57.48
83890,52.43
83900,57.25
83910,60.57
83920,65.62
83930,68.55
83940,67.39
83950,67.54
83960,66.65
83970,65.22
83980,65.99
83990,69.93
84000,71.12
84010,72.46
84020,71.46
84030,73.49
84040,52.46
84050,22.28
84060,2.77
84070,0.44
84080,6.71
84090,6.24
84100,0.44
84110,0.44
84120,70.27
84130,76.07
84140,82.01
84150,74.27
84160,68.01
84170,73.19
84180,74.52
84190,76.65
84200,75.31
84210,70.99
84220,76.72
84230,53.69
84240,84.14
84250,77.42
84260,84.65
84270,80.78
84280,80.53
84290,81.08
84300,82.58
84310,81.96
84320,79.3
84330,79.71
84340,79.77
84350,81.75
84360,77.48
84370,74.85
84380,71.45
84390,72.9
84400,67.27
84410,67.62
84420,65.92
84430,65.16
84440,62.24
84450,64.69
84460,63.78
84470,64.82
84480,67.98
84490,46.4
84500,63.02
84510,71.46
84520,70.71
84530,73.84
84540,72.79
84550,75.2
84560,74.35
84570,73.72
84580,71.61
84590,71.83
84600,71.06
84610,65.87
84620,66.27
84630,71
84640,69.68
84650,71.41
84660,72.02
84670,74.89
84680,73.41
84690,74.35
84700,76.81
84710,71.64
84720,70.23
84730,72.93
84740,74.03
84750,72.45
84760,70.31
84770,71.17
84780,72.06
84790,73.16
84800,72.89
84810,73.6
84820,72.99
84830,73.91
84840,74.91
84850,74.28
84860,72.31
84870,71.97
84880,72.84
84890,74.3
84900,74.58
84910,74.98
84920,76.54
84930,77.44
84940,75.37
84950,77.14
84960,88.41
84970,73.28
84980,74.79
84990,41.55
85000,70.79
85010,73.57
85020,71.72
85030,68.35
85040,65.17
85050,69.52
85060,50.03
85070,69.76
85080,67.73
85090,78.04
85100,72.36
85110,72.2
85120,45.66
85130,72.95
85140,84.87
85150,53
85160,48.62
85170,76.76
85180,13.76
85190,73.87
85200,85.6
85210,83.95
85220,73.42
85230,78.24
85240,77.68
85250,76.76
85260,78.51
85270,35.17
85280,67.75
85290,73.44
85300,74.56
85310,76.1
85320,86.74
85330,78.93
85340,84.48
85350,73.23
85360,71.28
85370,10.64
85380,0.44
85390,0.45
85400,63.01
85410,55.78
85420,69.14
85430,34.8
85440,42.18
85450,74.73
85460,64.16
85470,81.71
85480,68.17
85490,68.88
85500,63.81
85510,67.86
85520,82.26
85530,69.18
85540,73.1
85550,57.05
85560,32.86
85570,50.72
85580,65.45
85590,62.34
85600,68.03
85610,71.92
85620,67.25
85630,64.7
85640,67.48
85650,74.04
85660,74.21
85670,73.68
85680,72.36
85690,73.02
85700,76.3
85710,79.47
85720,78.16
85730,79.47
85740,76.36
85750,73.74
85760,75.99
85770,79.39
85780,77.76
85790,75.66
85800,74.6
85810,78.77
85820,75.82
85830,83.9
85840,78.94
85850,72.92
85860,73.13
85870,71.45
85880,83.42
85890,72.85
85900,71.31
85910,72.29
85920,39.19
85930,1.64
85940,0.44
85950,10.32
85960,59.69
85970,66.11
85980,73.48
85990,72.88
86000,73.99
86010,71.84
86020,73.89
86030,73.05
86040,71.99
86050,72.36
86060,72.6
86070,74.39
86080,70.79
86090,72.13
86100,70.64
86110,70.09
86120,71.03
86130,74.64
86140,77.83
86150,76.96
86160,73.9
86170,74.13
86180,75.4
86190,73.7
86200,74.11
86210,74.45
86220,74.49
86230,76.47
86240,73.21
86250,75.29
86260,76.37
86270,76.82
86280,72.07
86290,74.61
86300,76.82
86310,76.65
86320,78.5
86330,75.9
86340,76.29
86350,75.78
86360,75.01
86370,73.86
86380,73.86
86390,72.78
86400,72.39
86410,72.19
86420,72.69
86430,73.28
86440,74.03
86450,75.28
86460,73.81
86470,73.86
86480,70.86
86490,84.97
86500,62.88
86510,6.58
86520,6.16
86530,34.62
86540,63.08
86550,63.14
86560,66.93
86570,66.66
86580,68.88
86590,72.1
86600,72.01
86610,69.95
86620,76.96
86630,75.04
86640,73.56
86650,52.48
86660,82.67
86670,71.55
86680,79.63
86690,81.36
86700,74.02
86710,75.12
86720,71.97
86730,71.75
86740,78.14
86750,78.66
86760,13.9
86770,75.23
86780,0.44
86790,86.39
86800,83.31
86810,84.28
86820,81.57
86830,80.46
86840,79.36
86850,76.39
86860,75.61
86870,75.17
86880,75
86890,74.77
86900,74.59
86910,74.21
86920,74.41
86930,71.49
86940,71.1
86950,69.23
86960,70.02
86970,70.39
86980,69.91
86990,70.47
87000,69.75
87010,69.86
87020,68.8
87030,68.83
87040,66.11
87050,67.9
87060,67.86
87070,69.83
87080,71.81
87090,72.18
87100,80.38
87110,60.04
87120,10.97
87130,12.67
87140,5.02
87150,6.21
87160,6.58
87170,8.78
87180,3.25
87190,0.44
87200,1.74
87210,0.44
87220,8.83
87230,0.44
87240,4.06
87250,1.64
87260,3.25
87270,4.75
87280,75.83
87290,75.08
87300,78.08
87310,77.46
87320,82.96
87330,72.41
87340,86.33
87350,76.79
87360,76.94
87370,73.31
87380,87
87390,75.91
87400,73.38
87410,76.02
87420,75.48
87430,76.48
87440,79.36
87450,77.51
87460,77.78
87470,77.76
87480,75.59
87490,75.72
87500,74.4
87510,70.79
87520,70.76
87530,70.53
87540,87.07
87550,74.11
87560,71.67
87570,70.82
87580,70.89
87590,74.23
87600,88.38
87610,77.24
87620,74.22
87630,73.31
87640,71.15
87650,71.55
87660,68.65
87670,71.4
87680,69.02
87690,37.76
87700,62.68
87710,72.92
87720,73.22
87730,71.45
87740,67.73
87750,66.96
87760,73
87770,56.9
87780,74.13
87790,75.24
87800,69.19
87810,61.14
87820,71.18
87830,71.6
87840,75.76
87850,72.56
87860,68.99
87870,70.54
87880,67.79
87890,69.2
87900,70.01
87910,78.45
87920,69.5
87930,69.2
87940,40.29
87950,78.35
87960,77.69
87970,76.18
87980,80.16
87990,77.9
88000,74.54
88010,74.64
88020,71.68
88030,68.6
88040,73.99
88050,73.31
88060,83.98
88070,77.61
88080,73.93
88090,72
88100,71.29
88110,70.49
88120,71.8
88130,72.5
88140,72.85
88150,66.01
88160,49.75
88170,30.75
88180,66.26
88190,72.96
88200,75.53
88210,77.59
88220,77.48
88230,78.74
88240,77.85
88250,78.14
88260,77.86
88270,65.21
88280,66.96
88290,70.32
88300,63.2
88310,28
88320,42.35
88330,82.57
88340,80.01
88350,83.87
88360,80.18
88370,79.82
88380,78.5
88390,78.64
88400,74.3
88410,74.92
88420,73.99
88430,71.92
88440,69.4
88450,68.85
88460,68.87
88470,40.35
88480,15.8
88490,19
88500,13.77
88510,73.69
88520,77.31
88530,78.07
88540,84.91
88550,80.51
88560,77.86
88570,77.24
88580,70.59
88590,72.75
88600,71.14
88610,65.8
88620,59.62
88630,13.95
88640,56.36
88650,63.8
88660,65.8
88670,63.56
88680,69.51
88690,71.14
88700,71.5
88710,66.17
88720,71.67
88730,77.03
88740,75.3
88750,73
88760,72.67
88770,70.8
88780,68.69
88790,32.21
88800,51.98
88810,70.05
88820,75.41
88830,73.55
88840,75.69
88850,74
88860,73.69
88870,74.01
88880,74.25
88890,67.8
88900,71.51
88910,63.64
88920,72.38
88930,75.21
88940,45.78
88950,67.72
88960,54.6
88970,71.05
88980,68.08
88990,66.99
89000,67.58
89010,67.45
89020,71.51
89030,68.63
89040,74.8
89050,72.65
89060,71.8
89070,73.12
89080,75.02
89090,73.15
89100,78.98
89110,74.4
89120,69.8
89130,65.82
89140,63.5
89150,59.83
89160,62.31
89170,57.11
89180,73.23
89190,69.87
89200,12.75
89210,43.48
89220,69.14
89230,19.76
89240,66.63
89250,69.42
89260,67.49
89270,66.2
89280,71.33
89290,67.17
89300,63.43
89310,10.12
89320,73.46
89330,56.31
89340,81.35
89350,72.47
89360,38.39
89370,71.74
89380,82.84
89390,74.35
89400,72.12
89410,72.73
89420,71.48
89430,78.14
89440,74.15
89450,75.16
89460,74.31
89470,80.62
89480,74
89490,71.17
89500,71.78
89510,68.24
89520,69.68
89530,73.04
89540,74.48
89550,74.61
89560,75.14
89570,85
89580,77.91
89590,76.14
89600,75.77
89610,74.59
89620,74.28
89630,73.74
89640,73.01
89650,67.25
89660,74.39
89670,70.45
89680,70.52
89690,74.18
89700,73.91
89710,74.68
89720,75.24
89730,72.32
89740,72.66
89750,74.85
89760,75.95
89770,75.57
89780,76.24
89790,78.17
89800,75.73
89810,76.59
89820,77.68
89830,79.01
89840,79.55
89850,75.22
89860,72.62
89870,74.98
89880,77.47
89890,77.45
89900,75.03
89910,70.04
89920,72.72
89930,76.49
89940,76.05
89950,73.77
89960,73.16
89970,77.58
89980,78.14
89990,72.63
90000,67.21
90010,62.96
90020,68.13
90030,80.07
90040,54.03
90050,14.45
90060,5.89
90070,9.24
90080,23.12
90090,59.25
90100,63.35
90110,62.82
90120,53.95
90130,63.37
90140,68.65
90150,68.78
90160,71.25
90170,69.1
90180,68.35
90190,87.47
90200,72.75
90210,65.56
90220,74.2
90230,48.16
90240,73.42
90250,60.56
90260,71.1
90270,57.56
90280,54.29
90290,3.25
90300,0.94
90310,3.27
90320,0.44
90330,3.25
90340,0.44
90350,0.44
90360,1.64
90370,0.44
90380,8.15
90390,0.44
90400,1.25
90410,17.75
90420,78.53
90430,79.09
90440,78.51
90450,82.73
90460,80.34
90470,78.39
90480,81.12
90490,78.06
90500,81.5
90510,76.11
90520,77.86
90530,78.17
90540,67.59
90550,86.79
90560,65.48
90570,64.23
90580,71.29
90590,76.59
90600,81.23
90610,72.29
90620,71.81
90630,83.28
90640,53.42
90650,74.18
90660,37.17
90670,75.12
90680,75.76
90690,74.49
90700,72.78
90710,59.37
90720,67.65
90730,78.99
90740,69.57
90750,70.79
90760,66.53
90770,67.43
90780,61.65
90790,65.09
90800,70.55
90810,70.13
90820,67.4
90830,66.94
90840,73.2
90850,71.16
90860,71.91
90870,74.43
90880,70.88
90890,72.56
90900,69.85
90910,71.86
90920,71.2
90930,72.14
90940,71.96
90950,70.59
90960,69.75
90970,68.14
90980,68.41
90990,64.53
91000,67.17
91010,67.68
91020,70
91030,71.12
91040,71.99
91050,71.69
91060,69.93
91070,67.86
91080,69.54
91090,70.82
91100,73
91110,62.91
91120,65.08
91130,73.8
91140,88.42
91150,72.55
91160,72.74
91170,70.93
91180,71.44
91190,66.98
91200,70.91
91210,69.92
91220,70.09
91230,61.84
91240,71.87
91250,72.69
91260,71.48
91270,72.8
91280,74.03
91290,76.37
91300,75
91310,74.03
91320,71.14
91330,69.88
91340,76.76
91350,73.07
91360,65.98
91370,68.36
91380,68.77
91390,12.33
91400,63.44
91410,71.11
91420,0.45
91430,86.27
91440,76.69
91450,83.22
91460,76.07
91470,79.58
91480,72.64
91490,19.48
91500,69.84
91510,77.94
91520,8.94
91530,1.25
91540,60.96
91550,45.75
91560,64.75
91570,36.9
91580,71.08
91590,74.84
91600,67.36
91610,68.4
91620,70.74
91630,72.53
91640,77.15
91650,73.98
91660,77.4
91670,76.07
91680,72.33
91690,64.47
91700,71.3
91710,65.23
91720,60.88
91730,53.44
91740,85.05
91750,49.08
91760,38.78
91770,54.43
91780,81.04
91790,71.58
91800,72.77
91810,63.35
91820,69.73
91830,79.08
91840,74.22
91850,73.53
91860,67.07
91870,64.58
91880,61.79
91890,57.98
91900,36.36
91910,42.15
91920,59.43
91930,64.94
91940,48.7
91950,76.75
91960,67.04
91970,60.9
91980,71.57
91990,60.3
92000,68.68
92010,74.99
92020,82
92030,74.41
92040,2.87
92050,64.15
92060,66.15
92070,72.88
92080,73.36
92090,73.87
92100,74.23
92110,75.55
92120,71.01
92130,69.86
92140,73.85
92150,76.87
92160,75.45
92170,75.61
92180,76.03
92190,72.21
92200,74.51
92210,75.17
92220,75.6
92230,83.78
92240,80.15
92250,35.43
92260,75.61
92270,81.17
92280,73.94
92290,74.2
92300,77.57
92310,7.35
92320,86.46
92330,69.45
92340,51.4
92350,72.78
92360,36.49
92370,73.2
92380,76.14
92390,75.37
92400,73.14
92410,76.14
92420,78.83
92430,72.24
92440,69.74
92450,71.26
92460,74.94
92470,58.94
92480,88
92490,75.21
92500,72.12
92510,75.04
92520,72.12
92530,72.12
92540,78.87
92550,82.3
92560,74.08
92570,7.72
92580,0.44
92590,69.15
92600,70.21
92610,81.17
92620,75.86
92630,73.74
92640,76.88
92650,72.28
92660,70.04
92670,70.53
92680,69.96
92690,77.46
92700,73.94
92710,74.97
92720,74.25
92730,72.8
92740,70.55
92750,73.62
92760,74.63
92770,72.85
92780,73.88
92790,73.14
92800,73.91
92810,75.61
92820,73.74
92830,75.89
92840,75.58
92850,76.62
92860,75.56
92870,77.85
92880,74.11
92890,73.65
92900,75.02
92910,74.2
92920,75.06
92930,76.32
92940,76.99
92950,76.76
92960,78.23
92970,78.63
92980,77.78
92990,77.3
93000,76.06
93010,77.25
93020,78.55
93030,77.59
93040,77.84
93050,78.76
93060,78.2
93070,75.92
93080,64.14
93090,12.39
93100,44.61
93110,68.58
93120,23.92
93130,13.88
93140,40.32
93150,44.83
93160,37.26
93170,56.11
93180,21.01
93190,4.07
93200,6.04
93210,15.44
93220,30.82
93230,73.66
93240,75.68
93250,80.9
93260,75.08
93270,86.29
93280,79.63
93290,77.46
93300,78.09
93310,75.19
93320,77.02
93330,75.37
93340,14.36
93350,9.69
93360,3.08
93370,10.06
93380,22.63
93390,81.24
93400,79.45
93410,78.68
93420,79.5
93430,82.07
93440,84.17
93450,86.04
93460,82.9
93470,63.42
93480,45.5
93490,78.03
93500,77.32
93510,84.44
93520,79.16
93530,77.4
93540,78.03
93550,79.86
93560,76.07
93570,50.04
93580,86.98
93590,84.93
93600,75.07
93610,70.51
93620,70.74
93630,70.58
93640,64.15
93650,65.85
93660,5.8
93670,0.44
93680,4.58
93690,0.44
93700,4.89
93710,87.21
93720,69.4
93730,82.97
93740,75.42
93750,80.88
93760,76.06
93770,78.4
93780,77.73
93790,73.85
93800,87.22
93810,71.9
93820,81.5
93830,67.35
93840,72.26
93850,70.84
93860,0.44
93870,4.89
93880,70.56
93890,71.04
93900,74.81
93910,75.7
93920,28.3
93930,76.88
93940,76.03
93950,78.15
93960,75.64
93970,61.8
93980,74.43
93990,78.43
94000,75.81
94010,74.91
94020,72.75
94030,57.21
94040,69.78
94050,69.36
94060,67.81
94070,79.94
94080,73.33
94090,74.1
94100,73.08
94110,70.9
94120,66.3
94130,70.86
94140,67.86
94150,72.33
94160,73.03
94170,88.16
94180,74.1
94190,73.75
94200,72.38
94210,73.14
94220,73.39
94230,73.45
94240,72.51
94250,71.64
94260,73.19
94270,73.22
94280,72.57
94290,62.8
94300,72.98
94310,72.66
94320,73.56
94330,73.23
94340,72.84
94350,71.26
94360,25.79
94370,70.06
94380,69.07
94390,73.14
94400,73.07
94410,71.93
94420,67.57
94430,7.5
94440,4.2
94450,0.44
94460,10.1
94470,0.44
94480,3.25
94490,0.44
94500,5.7
94510,0.44
94520,0.44
94530,6.52
94540,0.71
94550,0.44
94560,78.82
94570,88.09
94580,79.81
94590,79.76
94600,85.21
94610,81.61
94620,79.18
94630,78.14
94640,73.58
94650,67.25
94660,71.26
94670,73.37
94680,72.34
94690,72.1
94700,66.17
94710,72.65
94720,66.97
94730,63.84
94740,70.61
94750,72.22
94760,71.83
94770,75.14
94780,76.89
94790,72.73
94800,67.54
94810,1.69
94820,0.44
94830,1.06
94840,1.64
94850,0.44
94860,1.86
94870,0.44
94880,0.44
94890,0.44
94900,0.44
94910,90.8
94920,94.81
94930,95.46
94940,88.69
94950,84.45
94960,80.44
94970,73.07
94980,42.03
94990,16.43
95000,10.33
95010,4.91
95020,6.02
95030,3.33
95040,3.88
95050,4.97
95060,7.06
95070,3.71
95080,11.22
95090,9.34
95100,12.61
95110,11.69
95120,18
95130,22.59
95140,27.51
95150,48.58
95160,43.66
95170,36.44
95180,42.84
95190,57.39
95200,43.21
95210,26.63
95220,53.03
95230,58.57
95240,48.59
95250,17.55
95260,14.64
95270,29.5
95280,20.67
95290,43.92
95300,66.54
95310,68.49
95320,73.52
95330,70.71
95340,66.6
95350,63.33
95360,69.24
95370,86.54
95380,69.84
95390,63.84
95400,61.75
95410,66.74
95420,64.85
95430,66.44
95440,49.38
95450,70.62
95460,46.41
95470,35.03
95480,70.14
95490,80.62
95500,51.68
95510,74.57
95520,73.16
95530,71.54
95540,74.96
95550,76.78
95560,75.73
95570,73.68
95580,74.14
95590,66.02
95600,72.86
95610,57.78
95620,77.75
95630,72.98
95640,82.8
95650,71.68
95660,84.36
95670,77.86
95680,73.77
95690,67.69
95700,72.51
95710,56.19
95720,62.58
95730,19.35
95740,81.64
95750,81.33
95760,75.02
95770,72.7
95780,72.46
95790,65.27
95800,63.45
95810,61.45
95820,68.46
95830,70.62
95840,46.93
95850,72.31
95860,70.22
95870,69.68
95880,70.18
95890,70.69
95900,73.95
95910,73.5
95920,81.1
95930,71.65
95940,71.2
95950,81.33
95960,76.45
95970,75.77
95980,78.06
95990,75.03
96000,58.09
96010,76.74
96020,86.05
96030,5.29
96040,0.44
96050,13.09
96060,1.09
96070,70.28
96080,73.44
96090,73.66
96100,76.9
96110,76.18
96120,74.83
96130,74.34
96140,75.36
96150,73.82
96160,83.35
96170,77.57
96180,76.11
96190,71.86
96200,71.81
96210,14.35
96220,5.59
96230,7.53
96240,7.3
96250,79.21
96260,86.81
96270,82.81
96280,81.58
96290,78.88
96300,81.43
96310,80.5
96320,73.89
96330,73.27
96340,62.94
96350,80.65
96360,79.55
96370,77.58
96380,77.55
96390,73.99
96400,79.36
96410,85.68
96420,84.02
96430,81.11
96440,79.86
96450,77.92
96460,67.9
96470,28.65
96480,66.9
96490,15.99
96500,7.27
96510,10.71
96520,11.75
96530,11.22
96540,7.12
96550,91.51
96560,83.32
96570,80.04
96580,79.23
96590,77.81
96600,76.51
96610,74.75
96620,54.2
96630,68.55
96640,72.57
96650,67.3
96660,77.72
96670,36.07
96680,77.41
96690,64.74
96700,63.48
96710,75.5
96720,74.79
96730,68.7
96740,73.55
96750,73.29
96760,72.62
96770,68.21
96780,45.89
96790,48.47
96800,61.83
96810,63.91
96820,53.07
96830,62.88
96840,77.07
96850,79.51
96860,78.47
96870,83.36
96880,80.72
96890,77.83
96900,77.11
96910,73.89
96920,75.93
96930,76.53
96940,76.34
96950,75.44
96960,77.4
96970,76.98
96980,76.95
96990,71.93
97000,74.4
97010,66.34
97020,71.5
97030,71.2
97040,66.16
97050,69.06
97060,59.92
97070,75
97080,72.41
97090,72.78
97100,72.16
97110,69.61
97120,57.96
97130,60.08
97140,58.77
97150,60.63
97160,63.48
97170,72.03
97180,65.95
97190,53.18
97200,56.9
97210,60.88
97220,62.16
97230,63.18
97240,39.43
97250,62.04
97260,85.06
97270,80.88
97280,78.07
97290,76.66
97300,72.84
97310,72.07
97320,73.87
97330,73.08
97340,76.44
97350,80.83
97360,83.02
97370,75.71
97380,78.68
97390,76.72
97400,79.4
97410,81.6
97420,80.41
97430,75.74
97440,58.8
97450,72.56
97460,69.48
97470,59.05
97480,63.11
97490,73.01
97500,80.48
97510,75.08
97520,73.77
97530,82.85
97540,67.9
97550,61.87
97560,68.91
97570,78.23
97580,79.69
97590,79
97600,71.59
97610,82.51
97620,72.03
97630,83.4
97640,73.43
97650,89.31
97660,79.24
97670,75.99
97680,73.34
97690,77.66
97700,75.94
97710,71.87
97720,69.02
97730,70.4
97740,74.02
97750,73.73
97760,70.4
97770,61.52
97780,71.57
97790,83.63
97800,75.95
97810,72.11
97820,70.37
97830,73.99
97840,72.41
97850,70.92
97860,70.33
97870,72.87
97880,70.06
97890,79.94
97900,74.19
97910,71.57
97920,72.9
97930,75.81
97940,73.7
97950,70
97960,82.46
97970,74.31
97980,68.44
97990,74.02
98000,75.24
98010,72.99
98020,78.15
98030,84.62
98040,83.81
98050,81.62
98060,79.06
98070,80.5
98080,77.11
98090,82.34
98100,79.62
98110,88.2
98120,79.68
98130,79.5
98140,79.96
98150,81.64
98160,80.43
98170,72.49
98180,84.72
98190,88.6
98200,84.63
98210,83.67
98220,85.28
98230,87.33
98240,82.18
98250,77.64
98260,73.99
98270,69.67
98280,57.52
98290,64.51
98300,66.58
98310,61.32
98320,56.92
98330,60.24
98340,61.58
98350,66.94
98360,66.4
98370,70.06
98380,72.93
98390,70.18
98400,71.81
98410,71.09
98420,68.14
98430,71.77
98440,71.13
98450,71.34
98460,70.24
98470,74.03
98480,73.59
98490,74.94
98500,73.43
98510,74.68
98520,76.74
98530,73.24
98540,68.55
98550,64.71
98560,67.55
98570,60.5
98580,64.82
98590,63
98600,66.56
98610,66.24
98620,69.54
98630,69.94
98640,70.56
98650,72.42
98660,71.37
98670,72.77
98680,72.37
98690,74.69
98700,72.88
98710,73.72
98720,73.94
98730,74.18
98740,73.09
98750,73.03
98760,72.45
98770,73.48
98780,72.44
98790,74.55
98800,72.79
98810,74
98820,73.86
98830,73.7
98840,73.73
98850,74.54
98860,71.54
98870,69.31
98880,67.41
98890,65.97
98900,60.76
98910,54.76
98920,56.14
98930,53.47
98940,45.72
98950,33.91
98960,26.98
98970,31.42
98980,24.01
98990,28.75
99000,17.72
99010,13.97
99020,11.22
99030,10.27
99040,8.26
99050,11.43
99060,13.01
99070,17.21
99080,17.6
99090,35.98
99100,53.36
99110,62.06
99120,59.34
99130,65.84
99140,72.86
99150,74.97
99160,76.38
99170,76.78
99180,80.11
99190,83.34
99200,82.23
99210,82.08
99220,81.89
99230,77.08
99240,41.1
99250,73.09
99260,13.21
99270,0.44
99280,0.88
99290,1.64
99300,7.05
99310,0.88
99320,0.44
99330,0.44
99340,6.52
99350,0.44
99360,89.35
99370,80
99380,77.54
99390,84.36
99400,77.13
99410,78.39
99420,74.54
99430,79.02
99440,27.33
99450,75.02
99460,65.51
99470,76.73
99480,0.44
99490,36.45
99500,65.1
99510,69.41
99520,45.31
99530,10.32
99540,81.86
99550,67.4
99560,71.19
99570,73.61
99580,41.67
99590,64.74
99600,63.95
99610,52.55
99620,31.78
99630,47.66
99640,23.1
99650,12.72
99660,29.23
99670,11.4
99680,11
99690,7.37
99700,9.46
99710,3.26
99720,6.91
99730,1.25
99740,0.44
99750,0.44
99760,3.25
99770,4.36
99780,0.44
99790,4.11
99800,0.44
99810,7.96
99820,8.65
99830,1.99
99840,0.44
99850,76.92
99860,76.08
99870,75.82
99880,71.58
99890,78.95
99900,78.72
99910,79.88
99920,79.64
99930,78
99940,92.38
99950,81.82
99960,80.18
99970,81.93
99980,80.47
99990,77.69
100000,80.22
100010,76.9
100020,75.2
100030,71.85
100040,73.62
100050,71.65
100060,70.88
100070,70.24
100080,67.29
100090,62.88
100100,59.32
100110,41.05
100120,18.82
100130,8.29
100140,8.02
100150,5.57
100160,8.36
100170,3.83
100180,7.23
100190,5.78
100200,9.58
100210,6.57
100220,4.23
100230,12.07
100240,3.38
100250,9.24
100260,3.58
100270,9.66
100280,8.37
100290,3.34
100300,5.51
100310,4.86
100320,7.66
100330,7.59
100340,8.84
100350,2.08
100360,5.98
100370,5.21
100380,5.89
100390,7.86
100400,13.73
100410,22.56
100420,69.91
100430,70.92
100440,88.51
100450,15.82
100460,54.65
100470,45.24
100480,50.87
100490,43.45
100500,30.51
100510,76.56
100520,70.11
100530,69.85
100540,69.76
100550,68.61
100560,55.56
100570,74.72
100580,77.07
100590,75.37
100600,81.8
100610,78.58
100620,63.37
100630,81.5
100640,51.6
100650,65.98
100660,59.08
100670,41.27
100680,57.78
100690,62.6
100700,53.74
100710,75.11
100720,2.92
100730,5.2
100740,43.04
100750,49.03
100760,44.46
100770,50.7
100780,41.78
100790,35.77
100800,29.04
100810,37.41
100820,47.4
100830,26.39
100840,40.87
100850,49.93
100860,44.7
100870,56.78
100880,16.37
100890,44.17
100900,66.54
100910,54.36
100920,26.8
100930,74.9
100940,49.12
100950,65.63
100960,69.58
100970,74.42
100980,75.48
100990,75.92
101000,78.18
101010,81.94
101020,75.47
101030,74.08
101040,77.71
101050,78.83
101060,78.68
101070,79
101080,88.06
101090,81.7
101100,85.24
101110,86.24
101120,82.23
101130,81.36
101140,78.47
101150,77.1
101160,76.35
101170,77.13
101180,71.41
101190,70.76
101200,70.92
101210,70.54
101220,68.91
101230,68.77
101240,70.62
101250,73.1
101260,71.6
101270,72.34
101280,71.98
101290,72.28
101300,70.74
101310,70.7
101320,69.1
101330,68.06
101340,65.49
101350,65.42
101360,67.46
101370,69.04
101380,73.44
101390,75.54
101400,71.71
101410,73.44
101420,79.06
101430,79.66
101440,81.06
101450,80.44
101460,81.82
101470,78.97
101480,76.4
101490,77.57
101500,79.43
101510,78.31
101520,77.7
101530,78.59
101540,77.48
101550,76.52
101560,76.9
101570,78.6
101580,82.78
101590,78.78
101600,78.44
101610,76.23
101620,74.8
101630,73.85
101640,72.22
101650,69.53
101660,66.74
101670,66.08
101680,65
101690,64.83
101700,64.5
101710,62.72
101720,64.02
101730,56.95
101740,61.57
101750,55.55
101760,45.86
101770,61.27
101780,62.95
101790,64.55
101800,66.24
101810,67.23
101820,65.18
101830,65.9
101840,67.79
101850,65.42
101860,64.92
101870,67.14
101880,61.2
101890,65.11
101900,59.75
101910,87.3
101920,2.65
101930,0.88
101940,0.49
101950,30.33
101960,59.86
101970,67.83
101980,74.08
101990,49.33
102000,72.54
102010,73.48
102020,74.79
102030,79.19
102040,74.47
102050,77.96
102060,76.66
102070,76.03
102080,78.37
102090,85.15
102100,74.49
102110,73.26
102120,69.74
102130,72.66
102140,73.47
102150,84.63
102160,76.09
102170,80.66
102180,77.74
102190,74.41
102200,76.33
102210,73.44
102220,76.01
102230,72.97
102240,38.88
102250,59.46
102260,72.01
102270,71.21
102280,85.55
102290,36.37
102300,0.44
102310,71.39
102320,73.02
102330,81.07
102340,48.08
102350,70.85
102360,68.19
102370,70.72
102380,72.25
102390,5.7
102400,0.44
102410,3.34
102420,0.44
102430,69
102440,62.52
102450,70.18
102460,66.19
102470,62.55
102480,43.52
102490,41.62
102500,46.95
102510,49.82
102520,51.19
102530,49.3
102540,57.99
102550,43.05
102560,48.25
102570,38.37
102580,49.73
102590,35.29
102600,57.18
102610,65.09
102620,70.1
102630,73.8
102640,70.42
102650,74.91
102660,79.4
102670,78.02
102680,76.34
102690,76.7
102700,72.89
102710,72.4
102720,71.67
102730,68.27
102740,67.48
102750,66.77
102760,71.29
102770,65.48
102780,67.62
102790,81
102800,75.47
102810,73.28
102820,71.04
102830,73.65
102840,71.84
102850,66.89
102860,71.6
102870,80.21
102880,76.06
102890,76.64
102900,74.52
102910,83.61
102920,73.51
102930,72.65
102940,68.38
102950,67.08
102960,71.21
102970,68.63
102980,50.22
102990,86.64
103000,68.39
103010,62.49
103020,30.84
103030,64.13
103040,71.81
103050,27.47
103060,49.16
103070,71.08
103080,82.62
103090,75.87
103100,75.03
103110,30.73
103120,74.5
103130,75.7
103140,75.21
103150,74.65
103160,76.3
103170,74.32
103180,75.59
103190,75.02
103200,76.68
103210,74.23
103220,72.94
103230,73.64
103240,71.18
103250,71.32
103260,71.1
103270,70.8
103280,72.11
103290,72.32
103300,72.69
103310,71.91
103320,72.66
103330,74.36
103340,72.7
103350,74.58
103360,75.55
103370,75.35
103380,72.54
103390,72.54
103400,72.2
103410,70.27
103420,68.22
103430,62.5
103440,68.07
103450,68.07
103460,70.37
103470,90.5
103480,72.43
103490,63.86
103500,62.86
103510,66.51
103520,66.37
103530,65.2
103540,66.78
103550,66.41
103560,67.24
103570,68.97
103580,70.66
103590,68.64
103600,72.46
103610,72.76
103620,86.16
103630,64.18
103640,75.06
103650,77.91
103660,66.98
103670,50.78
103680,27.22
103690,43.41
103700,65.45
103710,50.82
103720,80.85
103730,56.1
103740,19.02
103750,72.28
103760,49.64
103770,47.79
103780,67.28
103790,56.61
103800,22.71
103810,79.48
103820,59.16
103830,51.65
103840,65.71
103850,63.09
103860,58.26
103870,66.38
103880,75.07
103890,65.85
103900,72.87
103910,66.61
103920,44.88
103930,69.93
103940,73.49
103950,73.5
103960,75.25
103970,62.73
103980,82.14
103990,72.11
104000,75.1
104010,75.16
104020,73.22
104030,71.76
104040,77.62
104050,74.88
104060,74.27
104070,69.46
104080,72.2
104090,72
104100,71.93
104110,74.56
104120,71.34
104130,72.08
104140,71.22
104150,73.47
104160,71.79
104170,75.08
104180,73.44
104190,75.41
104200,73.19
104210,75.88
104220,72.12
104230,72.35
104240,72.25
104250,71.9
104260,71.3
104270,73.27
104280,76.33
104290,70.37
104300,69.39
104310,73.74
104320,70.57
104330,68.08
104340,69.4
104350,68.86
104360,66.41
104370,69.6
104380,68.01
104390,69.39
104400,68.61
104410,69.76
104420,69.32
104430,69.91
104440,89.57
104450,75.24
104460,72.46
104470,68.58
104480,67.07
104490,65.64
104500,66.46
104510,66.94
104520,66.79
104530,63.99
104540,69.48
104550,67.21
104560,67.53
104570,67.86
104580,69.38
104590,71.01
104600,72.86
104610,73.63
104620,72.98
104630,74.18
104640,78.06
104650,78.09
104660,17.84
104670,0.44
104680,11.62
104690,0.44
104700,0.44
104710,71.31
104720,75.02
104730,70.82
104740,82.06
104750,74.63
104760,73.03
104770,69.79
104780,66.37
104790,68.34
104800,68.95
104810,68.43
104820,64.6
104830,0.44
104840,70.33
104850,70.74
104860,70.48
104870,70.17
104880,65.54
104890,71.46
104900,69.58
104910,69.91
104920,71.59
104930,72.37
104940,75.55
104950,76.19
104960,74.62
104970,75.54
104980,76.33
104990,73.82
105000,74.47
105010,75.55
105020,75.49
105030,75.98
105040,76.93
105050,75.13
105060,75.08
105070,74.78
105080,75.65
105090,76.75
105100,74.77
105110,75.47
105120,74.9
105130,75.59
105140,72.35
105150,72.75
105160,72.36
105170,72.47
105180,75.04
105190,74.3
105200,74.02
105210,75.45
105220,73.93
105230,73.94
105240,88.99
105250,76.2
105260,72.63
105270,70.11
105280,67.38
105290,22.13
105300,67.22
105310,69.75
105320,69.32
105330,68.74
105340,69.22
105350,69.79
105360,70.35
105370,70.97
105380,71.43
105390,73.02
105400,72.64
105410,73.61
105420,74.26
105430,73.72
105440,72.69
105450,85.93
105460,74.54
105470,70.65
105480,70.62
105490,70.37
105500,76.93
105510,73.22
105520,71.33
105530,74.44
105540,70.6
105550,74.17
105560,69.46
105570,64.65
105580,64.51
105590,67.28
105600,59.07
105610,67.55
105620,59.86
105630,73.57
105640,64.13
105650,5.92
105660,0.56
105670,19.15
105680,36.2
105690,59.81
105700,77.68
105710,66.82
105720,81.63
105730,64.29
105740,80.69
105750,70.58
105760,57.06
105770,82.25
105780,69.86
105790,19.83
105800,49.13
105810,17.63
105820,67.08
105830,60.51
105840,66.38
105850,70.89
105860,30.05
105870,13.5
105880,3.25
105890,71.6
105900,73.12
105910,32.48
105920,63.52
105930,63.63
105940,65.44
105950,62.8
105960,81.42
105970,70.44
105980,69.41
105990,73.61
106000,68.75
106010,69.77
106020,0.44
106030,76.65
106040,66.43
106050,67.83
106060,74.38
106070,68.93
106080,68.69
106090,6.52
106100,3.76
106110,70.32
106120,72.61
106130,73.75
106140,74.19
106150,84.07
106160,77.37
106170,75.69
106180,74.74
106190,73.49
106200,71.34
106210,70.73
106220,69.91
106230,70.51
106240,66.48
106250,67.33
106260,66.87
106270,65.79
106280,65.58
106290,46.28
106300,55.42
106310,66.7
106320,65.44
106330,68.46
106340,66.07
106350,69.41
106360,67.94
106370,72.54
106380,71.1
106390,71.1
106400,72
106410,75.41
106420,71.59
106430,70.03
106440,65.75
106450,68.69
106460,64.41
106470,65.18
106480,66.86
106490,68.28
106500,67.4
106510,67.02
106520,66.72
106530,66.59
106540,69.29
106550,71.86
106560,68.88
106570,66.41
106580,71.07
106590,69.23
106600,68.36
106610,80.39
106620,71.54
106630,60.62
106640,63.06
106650,66.28
106660,67.85
106670,59.26
106680,71.58
106690,68.45
106700,59.73
106710,81.24
106720,85.19
106730,79.16
106740,79.02
106750,75.74
106760,81.8
106770,78.69
106780,76.22
106790,75.6
106800,83.42
106810,78.23
106820,80.43
106830,77.32
106840,75.94
106850,75.93
106860,76.29
106870,83.47
106880,76.57
106890,76
106900,73.71
106910,74.38
106920,74.61
106930,69.54
106940,74.12
106950,74.63
106960,71.76
106970,71.44
106980,74.64
106990,79.12
107000,77.45
107010,75.41
107020,74.3
107030,73.6
107040,75.14
107050,77.62
107060,72.82
107070,79.26
107080,75.46
107090,77.77
107100,76.76
107110,77.22
107120,76.05
107130,76.03
107140,75.64
107150,64.48
107160,58.47
107170,61.89
107180,68.39
107190,66.35
107200,62.87
107210,69.3
107220,71.65
107230,71.79
107240,71.56
107250,71.06
107260,73.47
107270,76.3
107280,75.75
107290,76.58
107300,76.98
107310,77.71
107320,76.84
107330,75.71
107340,71.76
107350,73.18
107360,68.91
107370,66.43
107380,61.71
107390,66.1
107400,67.63
107410,67.72
107420,67.57
107430,62.08
107440,55.56
107450,62.11
107460,65.14
107470,66.73
107480,68.94
107490,66.96
107500,67.05
107510,63.09
107520,57.4
107530,7.33
107540,10.71
107550,12.48
107560,39.39
107570,68.98
107580,73.62
107590,73.34
107600,70.95
107610,52.75
107620,55.57
107630,25.81
107640,1.64
107650,6.64
107660,1.94
107670,2.85
107680,0.44
107690,0.44
107700,0.99
107710,13.09
107720,0.61
107730,0.44
107740,0.44
107750,0.67
107760,0.44
107770,0.44
107780,0.44
107790,3.09
107800,3.76
107810,0.46
107820,5.19
107830,0.44
107840,0.44
107850,0.44
107860,0.88
107870,0.88
107880,2.44
107890,0.88
107900,0.44
107910,5.64
107920,0.44
107930,3.86
107940,0.44
107950,0.56
107960,1.64
107970,5.52
107980,3.43
107990,0.44
108000,1.06
108010,0.44
108020,0.44
108030,0.44
108040,0.88
108050,0.44
108060,0.54
108070,0.44
108080,0.44
108090,1.25
108100,0.44
108110,5.7
108120,4.99
108130,1.25
108140,6.52
108150,6.57
108160,3.25
108170,6.52
108180,0.44
108190,6.95
108200,0.44
108210,6.52
108220,0.44
108230,1.09
108240,0.44
108250,3.26
108260,0.44
108270,0.44
108280,0.44
108290,0.44
108300,11.55
108310,0.44
108320,0.44
108330,2.44
108340,0.45
108350,0.44
108360,1.06
108370,2.04
108380,0.44
108390,0.44
108400,6.92
108410,0.44
108420,4.89
108430,0.44
108440,0.44
108450,0.44
108460,2.47
108470,0.88
108480,0.44
108490,0.44
108500,16.69
108510,0.44
108520,0.44
108530,0.44
108540,3.66
108550,3.25
108560,1.25
108570,4.73
108580,0.44
108590,0.88
108600,0.44
108610,2.73
108620,3.25
108630,0.44
108640,0.88
108650,0.88
108660,0.51
108670,8.14
108680,5.28
108690,3.86
108700,0.44
108710,4.54
108720,2.04
108730,3.25
108740,1.25
108750,0.44
108760,0.44
108770,0.56
108780,0.44
108790,0.44
108800,11.74
108810,1.25
108820,0.44
108830,6.68
108840,0.61
108850,0.44
108860,0.44
108870,0.44
108880,2.92
108890,0.44
108900,0.44
108910,0.44
108920,0.44
108930,0.44
108940,0.44
108950,8.14
108960,0.44
108970,0.44
108980,1.64
108990,4.07
109000,0.44
109010,0.44
109020,1.64
109030,4.07
109040,0.44
109050,0.56
109060,0.44
109070,0.88
109080,1.66
109090,4.48
109100,3.72
109110,6.52
109120,0.44
109130,2.01
109140,0.44
109150,0.99
109160,0.44
109170,0.44
109180,0.44
109190,0.44
109200,1.64
109210,0.88
109220,1.64
109230,4.89
109240,0.44
109250,1.74
109260,0.44
109270,8.59
109280,0.44
109290,3.26
109300,0.44
109310,3.62
109320,1.64
109330,1.11
109340,0.44
109350,0.54
109360,0.44
109370,4.14
109380,0.44
109390,2.44
109400,0.44
109410,3.25
109420,0.44
109430,6.52
109440,0.44
109450,2.44
109460,0.44
109470,4.89
109480,0.44
109490,0.44
109500,0.44
109510,0.44
109520,0.44
109530,4.94
109540,0.44
109550,2.49
109560,0.44
109570,2.56
109580,0.44
109590,2.85
109600,0.44
109610,0.44
109620,0.44
109630,3.25
109640,11.45
109650,0.44
109660,2.04
109670,6.52
109680,5.7
109690,0.97
109700,6.62
109710,1.69
109720,0.44
109730,0.44
109740,1.86
109750,1.64
109760,0.44
109770,0.44
109780,0.44
109790,6.95
109800,0.44
109810,0.44
109820,0.44
109830,0.44
109840,0.44
109850,0.44
109860,6.6
109870,0.44
109880,0.88
109890,0.44
109900,2.57
109910,0.44
109920,0.44
109930,0.44
109940,2.28
109950,6.57
109960,1.66
109970,9.8
109980,0.44
109990,0.44
110000,0.88
110010,8.41
110020,0.44
110030,0.71
110040,5.7
110050,3.25
110060,0.88
110070,0.46
110080,3.28
110090,2.04
110100,0.44
110110,0.44
110120,0.44
110130,2.26
110140,0.9
